antigen_target	antigen_class	feature	assay_family	previous_4vHPV_doses	participant_feature_records	paired_participants	visit1_observed	visit2_observed	median_log2_change	mean_log2_change	sd_log2_change	median_raw_change	positive_log2_change_fraction	paired_fraction
BPV	heterologous_control_antigen	FcgR2A	fc_gamma_receptor_binding	0	20	20	20	20	0.0	-0.32025352310260574	2.4322677830498702	0.0	0.3	1.0
BPV	heterologous_control_antigen	FcgR2A	fc_gamma_receptor_binding	1	20	20	20	20	1.219363705286657	1.1922917604862218	1.8855015812682034	3.6500000000000004	0.65	1.0
BPV	heterologous_control_antigen	FcgR2A	fc_gamma_receptor_binding	2	21	21	21	21	0.18989970120357835	0.2783695741113508	1.9248612510877612	2.0	0.6190476190476191	1.0
BPV	heterologous_control_antigen	FcgR2A	fc_gamma_receptor_binding	3	19	19	19	19	1.070389327891398	0.7213820938614571	1.5996064165263446	8.0	0.7368421052631579	1.0
BPV	heterologous_control_antigen	FcgR2B	fc_gamma_receptor_binding	0	20	20	20	20	0.0	-0.07130014688951565	1.3678300974403017	0.0	0.1	1.0
BPV	heterologous_control_antigen	FcgR2B	fc_gamma_receptor_binding	1	20	20	20	20	0.0	0.3751668223881233	1.74729314722357	0.0	0.25	1.0
BPV	heterologous_control_antigen	FcgR2B	fc_gamma_receptor_binding	2	21	21	21	21	2.762500686273345	2.2933199971455287	2.4685782501201436	16.200000000000003	0.6190476190476191	1.0
BPV	heterologous_control_antigen	FcgR2B	fc_gamma_receptor_binding	3	19	19	19	19	0.0	0.8935668697383081	1.6625442714864884	0.0	0.42105263157894735	1.0
BPV	heterologous_control_antigen	FcgR3A	fc_gamma_receptor_binding	0	20	20	20	20	0.0	0.32237716692653906	1.4572669778796734	0.0	0.45	1.0
BPV	heterologous_control_antigen	FcgR3A	fc_gamma_receptor_binding	1	20	20	20	20	0.2160555063188927	0.5687480325508514	1.3068809412176932	0.5	0.5	1.0
BPV	heterologous_control_antigen	FcgR3A	fc_gamma_receptor_binding	2	21	21	21	21	0.5405683813627027	1.0898360590845062	1.2829392565023245	7.5	0.5714285714285714	1.0
BPV	heterologous_control_antigen	FcgR3A	fc_gamma_receptor_binding	3	19	19	19	19	0.18957224389277272	1.0525912603226262	1.693604202198201	3.3000000000000007	0.5263157894736842	1.0
BPV	heterologous_control_antigen	IgA1	antibody_isotype_or_subclass	0	20	20	20	20	1.1013418019748094	0.9911110776145712	1.3401372095612334	118.25	0.7	1.0
BPV	heterologous_control_antigen	IgA1	antibody_isotype_or_subclass	1	20	20	20	20	0.16131566524031804	0.27027072111335854	3.001572629187196	22.099999999999994	0.6	1.0
BPV	heterologous_control_antigen	IgA1	antibody_isotype_or_subclass	2	21	21	21	21	0.7791350484101454	0.5554801041046064	2.588916916288338	66.69999999999999	0.6666666666666666	1.0
BPV	heterologous_control_antigen	IgA1	antibody_isotype_or_subclass	3	19	19	19	19	0.48191946310673117	1.0906674214255525	2.1924378143402743	34.0	0.7368421052631579	1.0
BPV	heterologous_control_antigen	IgA2	antibody_isotype_or_subclass	0	20	20	20	20	0.9481776477725272	0.8975679554914929	1.983313137130752	8.149999999999999	0.65	1.0
BPV	heterologous_control_antigen	IgA2	antibody_isotype_or_subclass	1	20	20	20	20	0.0	0.14140855968447236	2.937787904339684	0.0	0.35	1.0
BPV	heterologous_control_antigen	IgA2	antibody_isotype_or_subclass	2	21	21	21	21	0.0	0.7120314964529983	2.276221986549136	0.0	0.42857142857142855	1.0
BPV	heterologous_control_antigen	IgA2	antibody_isotype_or_subclass	3	19	19	19	19	0.0	-0.0073589500126841215	2.0223109977009948	0.0	0.3157894736842105	1.0
BPV	heterologous_control_antigen	IgG	antibody_isotype_or_subclass	0	20	20	20	20	-0.09817473914483754	-0.06239873388453807	0.8507380869096154	-17.5	0.45	1.0
BPV	heterologous_control_antigen	IgG	antibody_isotype_or_subclass	1	20	20	20	20	0.8487176146138222	0.9355555336438295	1.12121793136453	247.65	0.8	1.0
BPV	heterologous_control_antigen	IgG	antibody_isotype_or_subclass	2	21	21	21	21	0.8540092832998241	0.5694446203928892	1.2292863819827562	191.5	0.7142857142857143	1.0
BPV	heterologous_control_antigen	IgG	antibody_isotype_or_subclass	3	19	19	19	19	1.0917665173508855	1.2167772749651873	0.9624068083548346	492.5	0.9473684210526315	1.0
BPV	heterologous_control_antigen	IgG1	antibody_isotype_or_subclass	0	20	20	20	20	0.25152534172617314	0.14578710659938957	0.8291375379436731	45.400000000000006	0.65	1.0
BPV	heterologous_control_antigen	IgG1	antibody_isotype_or_subclass	1	20	20	20	20	1.0430999431229755	1.1178233968038038	0.8661466176939956	148.25	0.85	1.0
BPV	heterologous_control_antigen	IgG1	antibody_isotype_or_subclass	2	21	21	21	21	0.5403549996580219	0.4803679527854993	0.8514227667972747	88.0	0.7619047619047619	1.0
BPV	heterologous_control_antigen	IgG1	antibody_isotype_or_subclass	3	19	19	19	19	0.896014103705479	0.8434209819683907	0.6694195894187848	203.0	0.8947368421052632	1.0
BPV	heterologous_control_antigen	IgG2	antibody_isotype_or_subclass	0	20	20	20	20	0.0	0.7053660047176742	2.009939084830271	0.0	0.4	1.0
BPV	heterologous_control_antigen	IgG2	antibody_isotype_or_subclass	1	20	20	20	20	0.0	-0.6435698316665841	2.2440658333770322	0.0	0.25	1.0
BPV	heterologous_control_antigen	IgG2	antibody_isotype_or_subclass	2	21	21	21	21	0.0	0.8205950877834948	1.9934118024184768	0.0	0.42857142857142855	1.0
BPV	heterologous_control_antigen	IgG2	antibody_isotype_or_subclass	3	19	19	19	19	0.0	0.1399213432806199	1.1649280005712948	0.0	0.3157894736842105	1.0
BPV	heterologous_control_antigen	IgG3	antibody_isotype_or_subclass	0	20	20	20	20	-0.7477861259631915	-1.2349542785406764	3.674239765131141	-71.6	0.4	1.0
BPV	heterologous_control_antigen	IgG3	antibody_isotype_or_subclass	1	20	20	20	20	1.936062588723921	2.333702884571167	2.971420945376117	126.65	0.8	1.0
BPV	heterologous_control_antigen	IgG3	antibody_isotype_or_subclass	2	21	21	21	21	0.8488145291559723	1.2547790904047111	2.370967728623966	95.0	0.6190476190476191	1.0
BPV	heterologous_control_antigen	IgG3	antibody_isotype_or_subclass	3	19	19	19	19	1.08041449606484	0.8472114592456161	2.8100723708622426	73.8	0.5789473684210527	1.0
BPV	heterologous_control_antigen	IgG4	antibody_isotype_or_subclass	0	20	20	20	20	0.0	0.1843723322792602	1.2265662592535573	0.0	0.25	1.0
BPV	heterologous_control_antigen	IgG4	antibody_isotype_or_subclass	1	20	20	20	20	0.0	-0.16791281322141785	1.343922677964109	0.0	0.2	1.0
BPV	heterologous_control_antigen	IgG4	antibody_isotype_or_subclass	2	21	21	21	21	0.0	0.2607566335541624	0.9678732878635914	0.0	0.2857142857142857	1.0
BPV	heterologous_control_antigen	IgG4	antibody_isotype_or_subclass	3	19	19	19	19	0.0	-0.6871187271709212	1.9080391610108802	0.0	0.15789473684210525	1.0
BPV	heterologous_control_antigen	IgM	antibody_isotype_or_subclass	0	20	20	20	20	-0.12359500076663288	-0.11823387367742946	0.7761206018277056	-83.10000000000002	0.45	1.0
BPV	heterologous_control_antigen	IgM	antibody_isotype_or_subclass	1	20	20	20	20	0.0526910108489842	-0.05291686005156824	0.5991815801914955	19.600000000000023	0.55	1.0
BPV	heterologous_control_antigen	IgM	antibody_isotype_or_subclass	2	21	21	21	21	0.10838281233621672	0.22145410222201334	0.7870387630135184	60.0	0.5714285714285714	1.0
BPV	heterologous_control_antigen	IgM	antibody_isotype_or_subclass	3	19	19	19	19	0.02781401214242507	0.06033994653792244	0.7035017600644193	9.300000000000011	0.5263157894736842	1.0
HPV16	vaccine_target_2vHPV_and_4vHPV	ADCP	antibody_dependent_cellular_phagocytosis	0	20	20	20	20	1.4843711835877258	1.3635287241410607	0.832084884023038	42.377168125000004	0.95	1.0
HPV16	vaccine_target_2vHPV_and_4vHPV	ADCP	antibody_dependent_cellular_phagocytosis	1	20	20	20	20	1.67219132694848	1.5944910470397589	0.7199233408384602	79.18698725	0.95	1.0
HPV16	vaccine_target_2vHPV_and_4vHPV	ADCP	antibody_dependent_cellular_phagocytosis	2	21	21	21	21	0.819458382802253	0.9840842706399242	0.7128244760670507	48.39884400000001	1.0	1.0
HPV16	vaccine_target_2vHPV_and_4vHPV	ADCP	antibody_dependent_cellular_phagocytosis	3	19	19	19	19	1.427314404499846	1.3454921618287115	0.9227310557921362	66.70981774999998	0.9473684210526315	1.0
HPV16	vaccine_target_2vHPV_and_4vHPV	FcgR2A	fc_gamma_receptor_binding	0	20	20	20	20	-0.11675728083754855	-0.3986431041559391	9.404304784277857	103.25	0.5	1.0
HPV16	vaccine_target_2vHPV_and_4vHPV	FcgR2A	fc_gamma_receptor_binding	1	20	20	20	20	0.5258598705445809	0.9886084118016883	2.193826816247976	1750.5	0.85	1.0
HPV16	vaccine_target_2vHPV_and_4vHPV	FcgR2A	fc_gamma_receptor_binding	2	21	21	21	21	0.24487987144817858	0.36466135310976855	0.681545949710823	900.1999999999998	0.8095238095238095	1.0
HPV16	vaccine_target_2vHPV_and_4vHPV	FcgR2A	fc_gamma_receptor_binding	3	19	19	19	19	0.3368659487480521	0.3792856971251042	0.4642619809747655	1328.1999999999998	0.8421052631578947	1.0
HPV16	vaccine_target_2vHPV_and_4vHPV	FcgR2B	fc_gamma_receptor_binding	0	20	20	20	20	8.715526774700034	7.378118297644496	3.650391641002373	1532.5500000000002	1.0	1.0
HPV16	vaccine_target_2vHPV_and_4vHPV	FcgR2B	fc_gamma_receptor_binding	1	20	20	20	20	0.3462693048549639	0.540128687247197	2.5281555503342195	878.0	0.75	1.0
HPV16	vaccine_target_2vHPV_and_4vHPV	FcgR2B	fc_gamma_receptor_binding	2	21	21	21	21	0.15099103094062727	0.14022654224808426	0.28116450830571954	238.5	0.6666666666666666	1.0
HPV16	vaccine_target_2vHPV_and_4vHPV	FcgR2B	fc_gamma_receptor_binding	3	19	19	19	19	-0.030960886964065182	0.12424269461249643	0.4550407748971158	-57.5	0.47368421052631576	1.0
HPV16	vaccine_target_2vHPV_and_4vHPV	FcgR3A	fc_gamma_receptor_binding	0	20	20	20	20	6.716799365696376	6.430636972938049	2.9445214307883467	763.5	1.0	1.0
HPV16	vaccine_target_2vHPV_and_4vHPV	FcgR3A	fc_gamma_receptor_binding	1	20	20	20	20	0.676619279300045	1.1816668081342736	2.025686173000389	1093.8000000000002	0.85	1.0
HPV16	vaccine_target_2vHPV_and_4vHPV	FcgR3A	fc_gamma_receptor_binding	2	21	21	21	21	0.4275846337512732	1.238206262785896	2.579197111511832	930.3000000000002	0.9523809523809523	1.0
HPV16	vaccine_target_2vHPV_and_4vHPV	FcgR3A	fc_gamma_receptor_binding	3	19	19	19	19	0.21393590601990375	0.35770115175217726	0.40443668121113135	544.1999999999998	0.8421052631578947	1.0
HPV16	vaccine_target_2vHPV_and_4vHPV	IgA1	antibody_isotype_or_subclass	0	20	20	20	20	6.116201511915192	5.505789209210895	2.3602491464799074	9505.85	1.0	1.0
HPV16	vaccine_target_2vHPV_and_4vHPV	IgA1	antibody_isotype_or_subclass	1	20	20	20	20	1.5930282981570674	2.664803450485171	3.3517133691292607	2531.15	0.8	1.0
HPV16	vaccine_target_2vHPV_and_4vHPV	IgA1	antibody_isotype_or_subclass	2	21	21	21	21	0.37035321726192905	0.6360843372757404	1.3882664696233045	2234.2	0.6190476190476191	1.0
HPV16	vaccine_target_2vHPV_and_4vHPV	IgA1	antibody_isotype_or_subclass	3	19	19	19	19	0.8546043865308608	1.0139292178354924	1.1062482074354643	3639.7	0.8947368421052632	1.0
HPV16	vaccine_target_2vHPV_and_4vHPV	IgA2	antibody_isotype_or_subclass	0	20	20	20	20	9.876770660668795	9.173556180849406	2.793272107361329	2252.0	1.0	1.0
HPV16	vaccine_target_2vHPV_and_4vHPV	IgA2	antibody_isotype_or_subclass	1	20	20	20	20	3.3260461784216364	4.389789104510606	4.1777368148450105	872.6	0.95	1.0
HPV16	vaccine_target_2vHPV_and_4vHPV	IgA2	antibody_isotype_or_subclass	2	21	21	21	21	1.7021117620302677	1.7154892563996393	3.0218913561885077	2026.0	0.7619047619047619	1.0
HPV16	vaccine_target_2vHPV_and_4vHPV	IgA2	antibody_isotype_or_subclass	3	19	19	19	19	1.9316830570598054	2.137217771292755	2.320243959583384	1689.0	0.8947368421052632	1.0
HPV16	vaccine_target_2vHPV_and_4vHPV	IgG	antibody_isotype_or_subclass	0	20	20	20	20	6.556883064267046	6.37453786975346	2.0542294333095956	22561.5	1.0	1.0
HPV16	vaccine_target_2vHPV_and_4vHPV	IgG	antibody_isotype_or_subclass	1	20	20	20	20	0.048565522062081534	0.9193106343031022	1.9774496175125857	1080.2000000000007	0.8	1.0
HPV16	vaccine_target_2vHPV_and_4vHPV	IgG	antibody_isotype_or_subclass	2	21	21	21	21	8.830236280843451e-05	0.006393843378931187	0.020703260834729686	2.0	0.6666666666666666	1.0
HPV16	vaccine_target_2vHPV_and_4vHPV	IgG	antibody_isotype_or_subclass	3	19	19	19	19	2.2098076783549914e-05	0.06155158859745145	0.21164798235404164	0.5	0.5789473684210527	1.0
HPV16	vaccine_target_2vHPV_and_4vHPV	IgG1	antibody_isotype_or_subclass	0	20	20	20	20	6.533559395305058	6.1665379626511765	1.9934306423056627	12970.6	1.0	1.0
HPV16	vaccine_target_2vHPV_and_4vHPV	IgG1	antibody_isotype_or_subclass	1	20	20	20	20	0.6071459118466942	1.3132935467236202	1.9879243009019087	9429.85	0.8	1.0
HPV16	vaccine_target_2vHPV_and_4vHPV	IgG1	antibody_isotype_or_subclass	2	21	21	21	21	0.06303020841587603	0.13233125730963355	0.22353367958926482	1386.7000000000007	0.8095238095238095	1.0
HPV16	vaccine_target_2vHPV_and_4vHPV	IgG1	antibody_isotype_or_subclass	3	19	19	19	19	0.025048240995491966	0.21277378688868853	0.34983706567975814	544.2999999999993	0.6842105263157895	1.0
HPV16	vaccine_target_2vHPV_and_4vHPV	IgG2	antibody_isotype_or_subclass	0	20	20	20	20	0.8216895934732393	1.2957393626336062	4.193912500320579	0.8500000000000014	0.55	1.0
HPV16	vaccine_target_2vHPV_and_4vHPV	IgG2	antibody_isotype_or_subclass	1	20	20	20	20	1.606418355550125	2.4710898542954873	3.108237387878788	947.0	0.85	1.0
HPV16	vaccine_target_2vHPV_and_4vHPV	IgG2	antibody_isotype_or_subclass	2	21	21	21	21	1.1827172589403716	0.42475522986053466	2.1662521501685403	2255.5	0.6666666666666666	1.0
HPV16	vaccine_target_2vHPV_and_4vHPV	IgG2	antibody_isotype_or_subclass	3	19	19	19	19	1.1981005203309554	0.6421256437802443	2.363759084690807	625.9999999999998	0.6842105263157895	1.0
HPV16	vaccine_target_2vHPV_and_4vHPV	IgG3	antibody_isotype_or_subclass	0	20	20	20	20	5.380662151170979	5.965755138199482	3.061324018504004	4141.55	1.0	1.0
HPV16	vaccine_target_2vHPV_and_4vHPV	IgG3	antibody_isotype_or_subclass	1	20	20	20	20	4.325392481529627	3.9047925717421483	2.727327914809438	24453.55	0.95	1.0
HPV16	vaccine_target_2vHPV_and_4vHPV	IgG3	antibody_isotype_or_subclass	2	21	21	21	21	1.050736375072459	2.321888761687715	2.7981119885990773	15538.0	0.9523809523809523	1.0
HPV16	vaccine_target_2vHPV_and_4vHPV	IgG3	antibody_isotype_or_subclass	3	19	19	19	19	3.6344273174429986	3.4551920916065124	2.6067374791666267	7993.0	0.9473684210526315	1.0
HPV16	vaccine_target_2vHPV_and_4vHPV	IgG4	antibody_isotype_or_subclass	0	20	20	20	20	0.0	0.7214479710738101	1.3381255250845343	0.0	0.35	1.0
HPV16	vaccine_target_2vHPV_and_4vHPV	IgG4	antibody_isotype_or_subclass	1	20	20	20	20	2.58257725327755	2.379777444440708	2.73931844208967	67.2	0.75	1.0
HPV16	vaccine_target_2vHPV_and_4vHPV	IgG4	antibody_isotype_or_subclass	2	21	21	21	21	0.48871044883635406	0.41049896863998975	2.091728478277919	45.5	0.6190476190476191	1.0
HPV16	vaccine_target_2vHPV_and_4vHPV	IgG4	antibody_isotype_or_subclass	3	19	19	19	19	1.3543879671464376	0.26190205657464627	2.6354563933336816	8.499999999999998	0.5263157894736842	1.0
HPV16	vaccine_target_2vHPV_and_4vHPV	IgM	antibody_isotype_or_subclass	0	20	20	20	20	4.3369502307076555	3.7684502581163715	2.02027709539501	9346.35	0.95	1.0
HPV16	vaccine_target_2vHPV_and_4vHPV	IgM	antibody_isotype_or_subclass	1	20	20	20	20	1.545204722306695	1.3864877742380781	1.6763353136488792	2114.6	0.65	1.0
HPV16	vaccine_target_2vHPV_and_4vHPV	IgM	antibody_isotype_or_subclass	2	21	21	21	21	0.1109362389837063	0.23410484648217272	1.3138122761680116	355.5	0.5714285714285714	1.0
HPV16	vaccine_target_2vHPV_and_4vHPV	IgM	antibody_isotype_or_subclass	3	19	19	19	19	0.5060321385484361	0.6892689451797956	1.5188201460044923	692.2	0.631578947368421	1.0
HPV16	vaccine_target_2vHPV_and_4vHPV	nAb	neutralizing_antibody	0	20	20	20	20	4.437405312307299	4.591128061828825	2.526003868589784	1550.0	1.0	1.0
HPV16	vaccine_target_2vHPV_and_4vHPV	nAb	neutralizing_antibody	1	20	20	20	20	5.9563101496527935	5.654693281784079	2.51161491063974	51100.0	1.0	1.0
HPV16	vaccine_target_2vHPV_and_4vHPV	nAb	neutralizing_antibody	2	21	21	21	21	2.9975371618732467	3.4573839744510106	1.3823697710653797	48000.0	1.0	1.0
HPV16	vaccine_target_2vHPV_and_4vHPV	nAb	neutralizing_antibody	3	19	19	19	19	3.979040381364353	3.7174996880510216	2.161158924608728	38400.0	0.9473684210526315	1.0
HPV18	vaccine_target_2vHPV_and_4vHPV	ADCP	antibody_dependent_cellular_phagocytosis	0	20	20	20	20	0.5506170276909716	0.5884163746868868	0.35869026265609744	16.003783	0.95	1.0
HPV18	vaccine_target_2vHPV_and_4vHPV	ADCP	antibody_dependent_cellular_phagocytosis	1	20	20	20	20	0.8496580778111822	0.8487697513613558	0.41885836976448376	28.607376999999996	1.0	1.0
HPV18	vaccine_target_2vHPV_and_4vHPV	ADCP	antibody_dependent_cellular_phagocytosis	2	21	21	21	21	0.49394302816555946	0.5422053969189771	0.3994763553117334	17.948681999999998	0.9047619047619048	1.0
HPV18	vaccine_target_2vHPV_and_4vHPV	ADCP	antibody_dependent_cellular_phagocytosis	3	19	19	19	19	0.5986833758258499	0.5784068464920958	0.305271600853326	21.973444999999998	1.0	1.0
HPV18	vaccine_target_2vHPV_and_4vHPV	FcgR2A	fc_gamma_receptor_binding	0	20	20	20	20	-1.8008827550009916	-0.2611112047756546	7.943008936528075	-56.75	0.5	1.0
HPV18	vaccine_target_2vHPV_and_4vHPV	FcgR2A	fc_gamma_receptor_binding	1	20	20	20	20	0.8692526114930184	0.8958040903443283	3.1524585139011014	871.35	0.8	1.0
HPV18	vaccine_target_2vHPV_and_4vHPV	FcgR2A	fc_gamma_receptor_binding	2	21	21	21	21	0.7736750479601096	1.0042553362674749	1.4008838132573154	1054.0	0.8571428571428571	1.0
HPV18	vaccine_target_2vHPV_and_4vHPV	FcgR2A	fc_gamma_receptor_binding	3	19	19	19	19	0.762745620831673	0.9186035115024986	1.8437960965335525	949.5	0.9473684210526315	1.0
HPV18	vaccine_target_2vHPV_and_4vHPV	FcgR2B	fc_gamma_receptor_binding	0	20	20	20	20	2.692475728752717	2.7267247914123183	1.740464090654508	489.15	1.0	1.0
HPV18	vaccine_target_2vHPV_and_4vHPV	FcgR2B	fc_gamma_receptor_binding	1	20	20	20	20	1.288777788427038	1.6919230319383836	2.242626693315421	697.4	0.85	1.0
HPV18	vaccine_target_2vHPV_and_4vHPV	FcgR2B	fc_gamma_receptor_binding	2	21	21	21	21	1.066277911484196	1.8022903212460695	2.378411691552894	846.3000000000002	0.9047619047619048	1.0
HPV18	vaccine_target_2vHPV_and_4vHPV	FcgR2B	fc_gamma_receptor_binding	3	19	19	19	19	0.8554848686771841	0.7096571094511233	1.5350593178607432	676.8	0.8421052631578947	1.0
HPV18	vaccine_target_2vHPV_and_4vHPV	FcgR3A	fc_gamma_receptor_binding	0	20	20	20	20	3.7852371757871195	3.626156060229955	2.0955334487982458	85.4	0.95	1.0
HPV18	vaccine_target_2vHPV_and_4vHPV	FcgR3A	fc_gamma_receptor_binding	1	20	20	20	20	1.6127582397539326	2.1380926324515586	3.3195814751977535	894.15	0.9	1.0
HPV18	vaccine_target_2vHPV_and_4vHPV	FcgR3A	fc_gamma_receptor_binding	2	21	21	21	21	1.255963720206255	2.5309817652544147	3.1269501538036155	996.5	1.0	1.0
HPV18	vaccine_target_2vHPV_and_4vHPV	FcgR3A	fc_gamma_receptor_binding	3	19	19	19	19	1.137322859415482	1.4388486108282097	3.0918505015443625	709.5	0.9473684210526315	1.0
HPV18	vaccine_target_2vHPV_and_4vHPV	IgA1	antibody_isotype_or_subclass	0	20	20	20	20	3.41394870193332	3.770828067452623	1.9251766445613148	2190.15	1.0	1.0
HPV18	vaccine_target_2vHPV_and_4vHPV	IgA1	antibody_isotype_or_subclass	1	20	20	20	20	2.625420723566321	2.3834884487978654	2.0837009481358417	672.6	0.95	1.0
HPV18	vaccine_target_2vHPV_and_4vHPV	IgA1	antibody_isotype_or_subclass	2	21	21	21	21	1.9885988418745821	1.8779840027043027	1.523679591577211	1178.5	0.8571428571428571	1.0
HPV18	vaccine_target_2vHPV_and_4vHPV	IgA1	antibody_isotype_or_subclass	3	19	19	19	19	1.8255327565066004	1.6773631430404106	1.9081094628624726	1233.5	0.8947368421052632	1.0
HPV18	vaccine_target_2vHPV_and_4vHPV	IgA2	antibody_isotype_or_subclass	0	20	20	20	20	6.155089927113594	5.559049371398482	3.1990899179033625	601.15	0.9	1.0
HPV18	vaccine_target_2vHPV_and_4vHPV	IgA2	antibody_isotype_or_subclass	1	20	20	20	20	4.82446837050599	4.4617857374372685	4.1770080850876745	125.5	0.75	1.0
HPV18	vaccine_target_2vHPV_and_4vHPV	IgA2	antibody_isotype_or_subclass	2	21	21	21	21	1.985118982380941	3.257840570892194	3.9343919377981584	329.5	0.7142857142857143	1.0
HPV18	vaccine_target_2vHPV_and_4vHPV	IgA2	antibody_isotype_or_subclass	3	19	19	19	19	2.8150686739442374	3.3444618247203928	4.031635034209301	822.2	0.6842105263157895	1.0
HPV18	vaccine_target_2vHPV_and_4vHPV	IgG	antibody_isotype_or_subclass	0	20	20	20	20	3.673904474201265	3.6136597229533605	1.7073818662979914	3413.4	1.0	1.0
HPV18	vaccine_target_2vHPV_and_4vHPV	IgG	antibody_isotype_or_subclass	1	20	20	20	20	1.8753769645788374	2.524101720673152	1.9726515870172252	21867.25	0.95	1.0
HPV18	vaccine_target_2vHPV_and_4vHPV	IgG	antibody_isotype_or_subclass	2	21	21	21	21	0.7049715311293365	1.1628400284123648	1.3766061551963007	12336.5	1.0	1.0
HPV18	vaccine_target_2vHPV_and_4vHPV	IgG	antibody_isotype_or_subclass	3	19	19	19	19	1.2559452440457708	1.3552402747799	1.3750985467842747	18756.8	1.0	1.0
HPV18	vaccine_target_2vHPV_and_4vHPV	IgG1	antibody_isotype_or_subclass	0	20	20	20	20	3.446650036582553	3.589653881736948	1.3562326019401378	2067.5	1.0	1.0
HPV18	vaccine_target_2vHPV_and_4vHPV	IgG1	antibody_isotype_or_subclass	1	20	20	20	20	1.787779517305581	2.594426305380903	1.9772582988293355	13875.0	0.95	1.0
HPV18	vaccine_target_2vHPV_and_4vHPV	IgG1	antibody_isotype_or_subclass	2	21	21	21	21	1.1558532764641285	1.3822868965123216	0.8812679842978841	11339.0	1.0	1.0
HPV18	vaccine_target_2vHPV_and_4vHPV	IgG1	antibody_isotype_or_subclass	3	19	19	19	19	1.440203515698661	1.7029932529464313	1.0665476346407314	14350.8	1.0	1.0
HPV18	vaccine_target_2vHPV_and_4vHPV	IgG2	antibody_isotype_or_subclass	0	20	20	20	20	0.1359437061938833	0.6193890598821417	2.257775356566081	1.5999999999999996	0.55	1.0
HPV18	vaccine_target_2vHPV_and_4vHPV	IgG2	antibody_isotype_or_subclass	1	20	20	20	20	2.2981203851783825	2.842059154375507	2.7016867032316396	702.25	0.95	1.0
HPV18	vaccine_target_2vHPV_and_4vHPV	IgG2	antibody_isotype_or_subclass	2	21	21	21	21	2.7711368538085424	2.531334157309912	2.2317351299547576	1038.0	0.8095238095238095	1.0
HPV18	vaccine_target_2vHPV_and_4vHPV	IgG2	antibody_isotype_or_subclass	3	19	19	19	19	1.4181162947920036	1.4675391695664	3.374851323853753	318.5	0.6842105263157895	1.0
HPV18	vaccine_target_2vHPV_and_4vHPV	IgG3	antibody_isotype_or_subclass	0	20	20	20	20	3.8300630907645465	3.683146327114651	3.0647964712358244	457.75	0.85	1.0
HPV18	vaccine_target_2vHPV_and_4vHPV	IgG3	antibody_isotype_or_subclass	1	20	20	20	20	3.9053730219686367	3.944678997309663	2.438155437226718	2950.0	0.9	1.0
HPV18	vaccine_target_2vHPV_and_4vHPV	IgG3	antibody_isotype_or_subclass	2	21	21	21	21	3.635652107647388	3.552102404912417	1.7897240402625374	3408.3	1.0	1.0
HPV18	vaccine_target_2vHPV_and_4vHPV	IgG3	antibody_isotype_or_subclass	3	19	19	19	19	2.6521439848911204	2.2498955922536332	2.26162645430592	831.5	0.8947368421052632	1.0
HPV18	vaccine_target_2vHPV_and_4vHPV	IgG4	antibody_isotype_or_subclass	0	20	20	20	20	0.0	-0.21960118612738855	2.0464739240245047	0.0	0.2	1.0
HPV18	vaccine_target_2vHPV_and_4vHPV	IgG4	antibody_isotype_or_subclass	1	20	20	20	20	1.1885581279666213	1.923234081418137	2.8340123444521303	26.85	0.65	1.0
HPV18	vaccine_target_2vHPV_and_4vHPV	IgG4	antibody_isotype_or_subclass	2	21	21	21	21	1.3276709886158526	1.7583034653913205	2.9209513786500585	21.5	0.7142857142857143	1.0
HPV18	vaccine_target_2vHPV_and_4vHPV	IgG4	antibody_isotype_or_subclass	3	19	19	19	19	1.4175057548695928	1.9046070079069544	3.3659551163257975	30.5	0.631578947368421	1.0
HPV18	vaccine_target_2vHPV_and_4vHPV	IgM	antibody_isotype_or_subclass	0	20	20	20	20	1.3163556681721627	1.1370729174302592	1.082376321465231	2609.35	0.8	1.0
HPV18	vaccine_target_2vHPV_and_4vHPV	IgM	antibody_isotype_or_subclass	1	20	20	20	20	0.7042405657308217	0.7650171896955976	0.694120417733559	1516.25	0.9	1.0
HPV18	vaccine_target_2vHPV_and_4vHPV	IgM	antibody_isotype_or_subclass	2	21	21	21	21	0.5747453540117409	0.5708418104319968	0.7133074275267542	871.0	0.7619047619047619	1.0
HPV18	vaccine_target_2vHPV_and_4vHPV	IgM	antibody_isotype_or_subclass	3	19	19	19	19	0.7159698192619626	0.7783890908965307	1.011800315223223	1232.0	0.8421052631578947	1.0
HPV18	vaccine_target_2vHPV_and_4vHPV	nAb	neutralizing_antibody	0	20	20	20	20	2.9809659795832406	3.4438669968118396	2.1756163551928247	550.0	0.9	1.0
HPV18	vaccine_target_2vHPV_and_4vHPV	nAb	neutralizing_antibody	1	20	20	20	20	6.420662048472722	5.862290080299422	2.001544678908467	25450.0	1.0	1.0
HPV18	vaccine_target_2vHPV_and_4vHPV	nAb	neutralizing_antibody	2	21	21	21	21	4.978336455982792	5.119323444022082	1.6311849339028328	25500.0	1.0	1.0
HPV18	vaccine_target_2vHPV_and_4vHPV	nAb	neutralizing_antibody	3	19	19	19	19	4.957014075034355	5.0790895504826565	1.0311038376080734	25200.0	1.0	1.0
HPV31	cross_reactive_non_booster_target	FcgR2A	fc_gamma_receptor_binding	0	20	20	20	20	-0.09607780698566293	-1.015850012255596	6.604089362532046	-0.6500000000000004	0.4	1.0
HPV31	cross_reactive_non_booster_target	FcgR2A	fc_gamma_receptor_binding	1	20	20	20	20	4.8162249999218325	3.6644236515712336	4.786355377231403	1717.25	0.85	1.0
HPV31	cross_reactive_non_booster_target	FcgR2A	fc_gamma_receptor_binding	2	21	21	21	21	1.9211363207663688	2.3187140970561595	2.9987932147257164	1531.4999999999998	0.8095238095238095	1.0
HPV31	cross_reactive_non_booster_target	FcgR2A	fc_gamma_receptor_binding	3	19	19	19	19	2.21268657038358	2.3315650375998804	3.531796986451954	1801.1999999999998	0.9473684210526315	1.0
HPV31	cross_reactive_non_booster_target	FcgR2B	fc_gamma_receptor_binding	0	20	20	20	20	1.1965627144917603	2.2628603165050682	3.0144257163796784	21.25	0.6	1.0
HPV31	cross_reactive_non_booster_target	FcgR2B	fc_gamma_receptor_binding	1	20	20	20	20	4.565747326442617	4.928058663645063	3.5295230526357844	1931.8	0.95	1.0
HPV31	cross_reactive_non_booster_target	FcgR2B	fc_gamma_receptor_binding	2	21	21	21	21	2.5656834382262748	3.229091037628818	3.171358985434485	1190.5	0.9047619047619048	1.0
HPV31	cross_reactive_non_booster_target	FcgR2B	fc_gamma_receptor_binding	3	19	19	19	19	1.8604868109395767	2.6693873550328697	2.488813905566295	914.5	0.8947368421052632	1.0
HPV31	cross_reactive_non_booster_target	FcgR3A	fc_gamma_receptor_binding	0	20	20	20	20	0.5236528573891783	1.9307014745017326	2.6577864577575827	4.0	0.8	1.0
HPV31	cross_reactive_non_booster_target	FcgR3A	fc_gamma_receptor_binding	1	20	20	20	20	5.7946853587905345	5.270623537281191	3.296241378671402	1265.65	1.0	1.0
HPV31	cross_reactive_non_booster_target	FcgR3A	fc_gamma_receptor_binding	2	21	21	21	21	3.295932886354418	4.016166217221873	2.9856063183217283	1272.5	1.0	1.0
HPV31	cross_reactive_non_booster_target	FcgR3A	fc_gamma_receptor_binding	3	19	19	19	19	2.4362628496555327	3.473325621476938	2.6572608022000446	1067.5	1.0	1.0
HPV31	cross_reactive_non_booster_target	IgA1	antibody_isotype_or_subclass	0	20	20	20	20	1.2942167792611396	2.3863474060989067	2.7697038238424976	141.65	0.95	1.0
HPV31	cross_reactive_non_booster_target	IgA1	antibody_isotype_or_subclass	1	20	20	20	20	3.6917586684444923	3.510395486579113	2.338725195154395	1821.9	1.0	1.0
HPV31	cross_reactive_non_booster_target	IgA1	antibody_isotype_or_subclass	2	21	21	21	21	2.3564957522990557	3.1723142323360767	2.519327689232771	2194.0	1.0	1.0
HPV31	cross_reactive_non_booster_target	IgA1	antibody_isotype_or_subclass	3	19	19	19	19	3.4749489682633676	3.3439309180467327	2.346842321389389	5725.0	0.9473684210526315	1.0
HPV31	cross_reactive_non_booster_target	IgA2	antibody_isotype_or_subclass	0	20	20	20	20	0.6043784580814544	3.2349397361503867	4.669811243933535	25.799999999999997	0.65	1.0
HPV31	cross_reactive_non_booster_target	IgA2	antibody_isotype_or_subclass	1	20	20	20	20	3.978425831512262	3.9332773137505024	4.190628907498213	99.5	0.7	1.0
HPV31	cross_reactive_non_booster_target	IgA2	antibody_isotype_or_subclass	2	21	21	21	21	3.7369655941662066	4.684542478648761	4.948265256759715	364.0	0.7142857142857143	1.0
HPV31	cross_reactive_non_booster_target	IgA2	antibody_isotype_or_subclass	3	19	19	19	19	3.9696263509564815	4.363038715795514	4.368615840393738	577.8	0.8421052631578947	1.0
HPV31	cross_reactive_non_booster_target	IgG	antibody_isotype_or_subclass	0	20	20	20	20	0.8218389809474655	1.9073443733330335	2.611017190498958	153.65	0.85	1.0
HPV31	cross_reactive_non_booster_target	IgG	antibody_isotype_or_subclass	1	20	20	20	20	5.511822083499971	4.966818824051706	2.1162117050065663	29473.6	1.0	1.0
HPV31	cross_reactive_non_booster_target	IgG	antibody_isotype_or_subclass	2	21	21	21	21	3.0329743374299216	3.05484142999958	1.8473455729368833	20501.5	1.0	1.0
HPV31	cross_reactive_non_booster_target	IgG	antibody_isotype_or_subclass	3	19	19	19	19	3.086476590559519	3.272936205158093	1.8064572138958825	21469.2	0.9473684210526315	1.0
HPV31	cross_reactive_non_booster_target	IgG1	antibody_isotype_or_subclass	0	20	20	20	20	0.7246149557215085	1.924487708193388	2.4947246928511486	80.35	0.95	1.0
HPV31	cross_reactive_non_booster_target	IgG1	antibody_isotype_or_subclass	1	20	20	20	20	4.941738033598551	4.625728144619229	2.457739172964711	9992.5	1.0	1.0
HPV31	cross_reactive_non_booster_target	IgG1	antibody_isotype_or_subclass	2	21	21	21	21	2.386391440597505	2.697192799175454	1.6854516900696945	8474.5	1.0	1.0
HPV31	cross_reactive_non_booster_target	IgG1	antibody_isotype_or_subclass	3	19	19	19	19	3.0369688766198077	3.176310810075825	1.3751185944920132	10396.5	1.0	1.0
HPV31	cross_reactive_non_booster_target	IgG2	antibody_isotype_or_subclass	0	20	20	20	20	0.0	-0.20557775306537884	2.327889006480611	0.0	0.35	1.0
HPV31	cross_reactive_non_booster_target	IgG2	antibody_isotype_or_subclass	1	20	20	20	20	3.3618951027092367	3.2793626950628996	3.098773141750486	31.5	0.85	1.0
HPV31	cross_reactive_non_booster_target	IgG2	antibody_isotype_or_subclass	2	21	21	21	21	3.3692338096657193	3.5717985014968083	2.4007416323556763	85.5	0.9047619047619048	1.0
HPV31	cross_reactive_non_booster_target	IgG2	antibody_isotype_or_subclass	3	19	19	19	19	1.462256501350737	1.6754354429924216	3.579893490820759	24.700000000000003	0.7368421052631579	1.0
HPV31	cross_reactive_non_booster_target	IgG3	antibody_isotype_or_subclass	0	20	20	20	20	0.792481250360578	1.630003598492206	4.360698132137753	5.9	0.5	1.0
HPV31	cross_reactive_non_booster_target	IgG3	antibody_isotype_or_subclass	1	20	20	20	20	8.126224208964528	7.399053892715142	4.174849545815867	18924.5	1.0	1.0
HPV31	cross_reactive_non_booster_target	IgG3	antibody_isotype_or_subclass	2	21	21	21	21	6.0081461695319955	5.812161100336853	3.4645524745998553	11772.8	0.9523809523809523	1.0
HPV31	cross_reactive_non_booster_target	IgG3	antibody_isotype_or_subclass	3	19	19	19	19	5.5496691707264905	4.745881594278507	3.017018983240351	4252.0	0.9473684210526315	1.0
HPV31	cross_reactive_non_booster_target	IgG4	antibody_isotype_or_subclass	0	20	20	20	20	0.0	-0.006500720787815784	0.4191840660853831	0.0	0.1	1.0
HPV31	cross_reactive_non_booster_target	IgG4	antibody_isotype_or_subclass	1	20	20	20	20	1.035194663945699	1.8548006646709723	1.86690888029479	6.0	0.75	1.0
HPV31	cross_reactive_non_booster_target	IgG4	antibody_isotype_or_subclass	2	21	21	21	21	1.28688114778816	1.6870443714525185	2.4277093951068176	3.5	0.6190476190476191	1.0
HPV31	cross_reactive_non_booster_target	IgG4	antibody_isotype_or_subclass	3	19	19	19	19	2.1296805813733926	1.7976908249472152	1.76323996812673	7.5	0.6842105263157895	1.0
HPV31	cross_reactive_non_booster_target	IgM	antibody_isotype_or_subclass	0	20	20	20	20	1.121547510459151	1.4998275764509124	1.398775620790037	597.85	0.9	1.0
HPV31	cross_reactive_non_booster_target	IgM	antibody_isotype_or_subclass	1	20	20	20	20	1.7287112210797195	1.6859610817723998	1.6048170200298342	759.9	0.9	1.0
HPV31	cross_reactive_non_booster_target	IgM	antibody_isotype_or_subclass	2	21	21	21	21	0.6810730428160818	0.875894388122848	1.364491139638156	376.0	0.7142857142857143	1.0
HPV31	cross_reactive_non_booster_target	IgM	antibody_isotype_or_subclass	3	19	19	19	19	1.2354862050931033	1.302754977467659	1.662049385771792	471.20000000000005	0.7368421052631579	1.0
HPV33	cross_reactive_non_booster_target	FcgR2A	fc_gamma_receptor_binding	0	20	20	20	20	-0.12576938349798228	-0.5707488066023685	3.6492629079810905	-0.5999999999999996	0.45	1.0
HPV33	cross_reactive_non_booster_target	FcgR2A	fc_gamma_receptor_binding	1	20	20	20	20	2.6466768482586334	2.8452491137951768	3.8601542821552806	31.775	0.75	1.0
HPV33	cross_reactive_non_booster_target	FcgR2A	fc_gamma_receptor_binding	2	21	21	21	21	1.8855882098797148	2.429141809706615	3.831629424424241	38.0	0.6666666666666666	1.0
HPV33	cross_reactive_non_booster_target	FcgR2A	fc_gamma_receptor_binding	3	19	19	19	19	3.5082535856585517	3.4242346105729218	2.6979919464589477	163.8	0.9473684210526315	1.0
HPV33	cross_reactive_non_booster_target	FcgR2B	fc_gamma_receptor_binding	0	20	20	20	20	0.8269775502408971	0.9264755062939912	1.5092104446511918	24.6	0.7	1.0
HPV33	cross_reactive_non_booster_target	FcgR2B	fc_gamma_receptor_binding	1	20	20	20	20	1.5080059464787863	1.389645367987595	1.468412052679689	136.15	0.85	1.0
HPV33	cross_reactive_non_booster_target	FcgR2B	fc_gamma_receptor_binding	2	21	21	21	21	2.117431427052824	1.986459562526978	1.488584079819145	160.0	0.9047619047619048	1.0
HPV33	cross_reactive_non_booster_target	FcgR2B	fc_gamma_receptor_binding	3	19	19	19	19	1.480343467653923	1.1833285580664963	1.9556215176955762	137.0	0.7894736842105263	1.0
HPV33	cross_reactive_non_booster_target	FcgR3A	fc_gamma_receptor_binding	0	20	20	20	20	0.0	0.5852628911315415	2.0427892814177384	0.0	0.4	1.0
HPV33	cross_reactive_non_booster_target	FcgR3A	fc_gamma_receptor_binding	1	20	20	20	20	3.5366244910153197	3.3415803828937705	2.184182435386105	50.5	1.0	1.0
HPV33	cross_reactive_non_booster_target	FcgR3A	fc_gamma_receptor_binding	2	21	21	21	21	2.131244533278253	2.6631700987574085	2.074483938913368	78.0	0.9047619047619048	1.0
HPV33	cross_reactive_non_booster_target	FcgR3A	fc_gamma_receptor_binding	3	19	19	19	19	2.8738323070292235	3.2739811546578226	2.502790825087952	99.7	0.8947368421052632	1.0
HPV33	cross_reactive_non_booster_target	IgA1	antibody_isotype_or_subclass	0	20	20	20	20	0.72090903937077	1.296856589642374	2.133231590534047	126.75	0.7	1.0
HPV33	cross_reactive_non_booster_target	IgA1	antibody_isotype_or_subclass	1	20	20	20	20	1.5657726536567096	1.4719022975388172	2.163624104644824	297.75	0.85	1.0
HPV33	cross_reactive_non_booster_target	IgA1	antibody_isotype_or_subclass	2	21	21	21	21	1.051064960171935	1.292916421265711	2.8548384066789727	103.0	0.7142857142857143	1.0
HPV33	cross_reactive_non_booster_target	IgA1	antibody_isotype_or_subclass	3	19	19	19	19	0.6682613230172567	0.8583221565512804	1.4822322947820625	194.5	0.7368421052631579	1.0
HPV33	cross_reactive_non_booster_target	IgA2	antibody_isotype_or_subclass	0	20	20	20	20	2.1807282295370003	2.4266319643553778	2.8543964510993187	35.5	0.6	1.0
HPV33	cross_reactive_non_booster_target	IgA2	antibody_isotype_or_subclass	1	20	20	20	20	0.0	1.193251317356371	2.805533884410093	0.0	0.45	1.0
HPV33	cross_reactive_non_booster_target	IgA2	antibody_isotype_or_subclass	2	21	21	21	21	0.0	1.1155146872940673	2.585280478287541	0.0	0.38095238095238093	1.0
HPV33	cross_reactive_non_booster_target	IgA2	antibody_isotype_or_subclass	3	19	19	19	19	0.8293563459695328	1.6107740024848873	3.0431209913063535	17.0	0.5263157894736842	1.0
HPV33	cross_reactive_non_booster_target	IgG	antibody_isotype_or_subclass	0	20	20	20	20	0.2988390734537649	0.4035713248764058	1.0290280550034863	108.25	0.65	1.0
HPV33	cross_reactive_non_booster_target	IgG	antibody_isotype_or_subclass	1	20	20	20	20	1.9156938552930312	2.0781801443763266	1.5305918054611882	1134.75	0.95	1.0
HPV33	cross_reactive_non_booster_target	IgG	antibody_isotype_or_subclass	2	21	21	21	21	1.509518633681152	1.5625133835074845	1.169892568580583	955.2	0.9523809523809523	1.0
HPV33	cross_reactive_non_booster_target	IgG	antibody_isotype_or_subclass	3	19	19	19	19	1.9686981925546565	1.4735836795777	1.3266760880847628	1679.8000000000002	0.8421052631578947	1.0
HPV33	cross_reactive_non_booster_target	IgG1	antibody_isotype_or_subclass	0	20	20	20	20	0.2304638602446274	0.35889499449473095	0.6179893625528091	52.74999999999998	0.75	1.0
HPV33	cross_reactive_non_booster_target	IgG1	antibody_isotype_or_subclass	1	20	20	20	20	2.0400168017724076	1.9756139023234707	1.1627333103329782	556.25	1.0	1.0
HPV33	cross_reactive_non_booster_target	IgG1	antibody_isotype_or_subclass	2	21	21	21	21	1.4750449597663575	1.332946681847662	1.101696368433867	365.0	0.8571428571428571	1.0
HPV33	cross_reactive_non_booster_target	IgG1	antibody_isotype_or_subclass	3	19	19	19	19	1.371658376133448	1.6563317961645065	1.0385076008963663	726.3	0.9473684210526315	1.0
HPV33	cross_reactive_non_booster_target	IgG2	antibody_isotype_or_subclass	0	20	20	20	20	0.0	0.30634565495139404	2.0497473054006607	0.0	0.45	1.0
HPV33	cross_reactive_non_booster_target	IgG2	antibody_isotype_or_subclass	1	20	20	20	20	1.1469060932765844	1.517781022312434	2.4288881167152794	15.5	0.6	1.0
HPV33	cross_reactive_non_booster_target	IgG2	antibody_isotype_or_subclass	2	21	21	21	21	0.24616058726939727	0.7193053987945736	2.0760157944210933	4.0	0.5238095238095238	1.0
HPV33	cross_reactive_non_booster_target	IgG2	antibody_isotype_or_subclass	3	19	19	19	19	-0.05910820024880259	-0.235389216323297	3.451954145406782	-3.200000000000003	0.3157894736842105	1.0
HPV33	cross_reactive_non_booster_target	IgG3	antibody_isotype_or_subclass	0	20	20	20	20	0.7333272278144376	0.51349551263508	1.911812750830831	76.25	0.6	1.0
HPV33	cross_reactive_non_booster_target	IgG3	antibody_isotype_or_subclass	1	20	20	20	20	2.347053734658688	2.579161858076641	2.8994511881358114	524.75	0.85	1.0
HPV33	cross_reactive_non_booster_target	IgG3	antibody_isotype_or_subclass	2	21	21	21	21	1.9057143256363949	2.40847042590216	2.3022599484474635	384.2	0.9047619047619048	1.0
HPV33	cross_reactive_non_booster_target	IgG3	antibody_isotype_or_subclass	3	19	19	19	19	0.7852611512069867	0.2418582389967245	1.9214684820025916	140.5	0.5789473684210527	1.0
HPV33	cross_reactive_non_booster_target	IgG4	antibody_isotype_or_subclass	0	20	20	20	20	0.0	-0.12984802497643708	1.1844656553540367	0.0	0.15	1.0
HPV33	cross_reactive_non_booster_target	IgG4	antibody_isotype_or_subclass	1	20	20	20	20	0.0	-0.01695242263521348	1.4563293539360476	0.0	0.3	1.0
HPV33	cross_reactive_non_booster_target	IgG4	antibody_isotype_or_subclass	2	21	21	21	21	0.0	0.41177314387596387	2.5435767481239115	0.0	0.47619047619047616	1.0
HPV33	cross_reactive_non_booster_target	IgG4	antibody_isotype_or_subclass	3	19	19	19	19	0.0	0.22372926695060785	2.597240099631223	0.0	0.3684210526315789	1.0
HPV33	cross_reactive_non_booster_target	IgM	antibody_isotype_or_subclass	0	20	20	20	20	0.25349048072833646	0.21255695119189913	0.4411262922992436	357.9000000000001	0.7	1.0
HPV33	cross_reactive_non_booster_target	IgM	antibody_isotype_or_subclass	1	20	20	20	20	0.1718988206354597	0.21205778630266608	0.5328463879144936	459.0	0.7	1.0
HPV33	cross_reactive_non_booster_target	IgM	antibody_isotype_or_subclass	2	21	21	21	21	-0.06755180527974503	0.0302755488124763	0.4400171974320297	-61.0	0.42857142857142855	1.0
HPV33	cross_reactive_non_booster_target	IgM	antibody_isotype_or_subclass	3	19	19	19	19	0.03873101898103393	0.08177312395236454	0.372854400307489	58.69999999999982	0.5789473684210527	1.0
HPV45	cross_reactive_non_booster_target	FcgR2A	fc_gamma_receptor_binding	0	20	20	20	20	-0.3424956595262141	-2.0475799499402014	5.3360752064215236	-0.5	0.2	1.0
HPV45	cross_reactive_non_booster_target	FcgR2A	fc_gamma_receptor_binding	1	20	20	20	20	3.7626813772469445	2.715891964949964	5.2109947985565315	790.75	0.75	1.0
HPV45	cross_reactive_non_booster_target	FcgR2A	fc_gamma_receptor_binding	2	21	21	21	21	4.33726699350693	3.261374235536881	3.4691655462806357	1096.5	0.8571428571428571	1.0
HPV45	cross_reactive_non_booster_target	FcgR2A	fc_gamma_receptor_binding	3	19	19	19	19	4.201947456441157	3.506400283739765	3.5315372166340593	1521.8000000000002	0.9473684210526315	1.0
HPV45	cross_reactive_non_booster_target	FcgR2B	fc_gamma_receptor_binding	0	20	20	20	20	0.29123889588684015	0.9382088154456107	1.7653083703653627	10.299999999999997	0.65	1.0
HPV45	cross_reactive_non_booster_target	FcgR2B	fc_gamma_receptor_binding	1	20	20	20	20	3.91823456489207	4.6133658288515385	2.6680522889153178	717.5	1.0	1.0
HPV45	cross_reactive_non_booster_target	FcgR2B	fc_gamma_receptor_binding	2	21	21	21	21	3.1505198071514133	4.516573150909922	2.9044203050623145	696.5	0.9523809523809523	1.0
HPV45	cross_reactive_non_booster_target	FcgR2B	fc_gamma_receptor_binding	3	19	19	19	19	3.393390457443987	3.387829433947431	2.060906242049103	675.2	0.8947368421052632	1.0
HPV45	cross_reactive_non_booster_target	FcgR3A	fc_gamma_receptor_binding	0	20	20	20	20	1.1669503682767193	1.214522298286757	1.9332991372422113	5.0	0.75	1.0
HPV45	cross_reactive_non_booster_target	FcgR3A	fc_gamma_receptor_binding	1	20	20	20	20	5.9777929900238975	5.726849614295878	3.181875386573442	602.5	0.95	1.0
HPV45	cross_reactive_non_booster_target	FcgR3A	fc_gamma_receptor_binding	2	21	21	21	21	5.475409193401062	5.559753186311492	2.4126377880589054	867.0	1.0	1.0
HPV45	cross_reactive_non_booster_target	FcgR3A	fc_gamma_receptor_binding	3	19	19	19	19	3.778708801267296	4.214507554555057	2.804455617837594	581.0	0.9473684210526315	1.0
HPV45	cross_reactive_non_booster_target	IgA1	antibody_isotype_or_subclass	0	20	20	20	20	1.025381283709137	1.3055424670538311	1.5935671039892636	244.5000000000009	0.9	1.0
HPV45	cross_reactive_non_booster_target	IgA1	antibody_isotype_or_subclass	1	20	20	20	20	1.2514857916436144	1.596205114743769	2.0353087175796967	378.0	0.85	1.0
HPV45	cross_reactive_non_booster_target	IgA1	antibody_isotype_or_subclass	2	21	21	21	21	1.4450517432429812	2.6997354811426697	3.5005228455148125	947.5	0.9047619047619048	1.0
HPV45	cross_reactive_non_booster_target	IgA1	antibody_isotype_or_subclass	3	19	19	19	19	0.5744760487168339	1.0111276566991017	1.530165748988122	325.5	0.7894736842105263	1.0
HPV45	cross_reactive_non_booster_target	IgA2	antibody_isotype_or_subclass	0	20	20	20	20	-0.16742316090736864	-1.3031523948769026	5.575629655557039	-20.75	0.3	1.0
HPV45	cross_reactive_non_booster_target	IgA2	antibody_isotype_or_subclass	1	20	20	20	20	0.0	0.8679465335427853	5.958775422368883	0.0	0.3	1.0
HPV45	cross_reactive_non_booster_target	IgA2	antibody_isotype_or_subclass	2	21	21	21	21	0.0	-0.30528382981337865	3.5433372805532253	0.0	0.38095238095238093	1.0
HPV45	cross_reactive_non_booster_target	IgA2	antibody_isotype_or_subclass	3	19	19	19	19	0.0	-0.039466738697075156	6.121225514699384	0.0	0.42105263157894735	1.0
HPV45	cross_reactive_non_booster_target	IgG	antibody_isotype_or_subclass	0	20	20	20	20	0.42457299761442746	1.096243338646238	2.157754671955679	79.5	0.65	1.0
HPV45	cross_reactive_non_booster_target	IgG	antibody_isotype_or_subclass	1	20	20	20	20	4.7195685165160715	4.384719453635098	1.6252604954607186	11711.1	1.0	1.0
HPV45	cross_reactive_non_booster_target	IgG	antibody_isotype_or_subclass	2	21	21	21	21	4.010277675282792	3.613273440013862	1.6241423047233	16914.2	1.0	1.0
HPV45	cross_reactive_non_booster_target	IgG	antibody_isotype_or_subclass	3	19	19	19	19	3.203341784480056	3.6882759591262397	1.457554380054434	14639.3	1.0	1.0
HPV45	cross_reactive_non_booster_target	IgG1	antibody_isotype_or_subclass	0	20	20	20	20	0.7892880086128824	1.1259443301437249	1.6959529580224162	98.9	0.8	1.0
HPV45	cross_reactive_non_booster_target	IgG1	antibody_isotype_or_subclass	1	20	20	20	20	4.303662399228465	4.209058124167364	1.583850098454582	4898.6	1.0	1.0
HPV45	cross_reactive_non_booster_target	IgG1	antibody_isotype_or_subclass	2	21	21	21	21	4.200033056544623	3.8367630958761314	1.786629183024417	8691.5	1.0	1.0
HPV45	cross_reactive_non_booster_target	IgG1	antibody_isotype_or_subclass	3	19	19	19	19	3.56101487678506	3.579553899971151	1.430994520124663	5665.5	1.0	1.0
HPV45	cross_reactive_non_booster_target	IgG2	antibody_isotype_or_subclass	0	20	20	20	20	0.0	-0.4037875672047937	2.647587063354596	0.0	0.25	1.0
HPV45	cross_reactive_non_booster_target	IgG2	antibody_isotype_or_subclass	1	20	20	20	20	0.0	1.8587815743834273	2.8494871408061595	0.0	0.4	1.0
HPV45	cross_reactive_non_booster_target	IgG2	antibody_isotype_or_subclass	2	21	21	21	21	1.9810095471738656	2.542503280791142	2.686869925271198	29.0	0.6666666666666666	1.0
HPV45	cross_reactive_non_booster_target	IgG2	antibody_isotype_or_subclass	3	19	19	19	19	0.0	0.964963390350674	2.9887892249261654	0.0	0.47368421052631576	1.0
HPV45	cross_reactive_non_booster_target	IgG3	antibody_isotype_or_subclass	0	20	20	20	20	0.9470251971563264	0.4609851624461346	2.8477641991404203	25.15	0.65	1.0
HPV45	cross_reactive_non_booster_target	IgG3	antibody_isotype_or_subclass	1	20	20	20	20	3.456287357068601	3.168696216988593	2.7905889535222625	314.5	0.85	1.0
HPV45	cross_reactive_non_booster_target	IgG3	antibody_isotype_or_subclass	2	21	21	21	21	2.988153757151891	2.438421376338008	2.8733499226531736	309.3	0.8571428571428571	1.0
HPV45	cross_reactive_non_booster_target	IgG3	antibody_isotype_or_subclass	3	19	19	19	19	0.9443290747081825	1.207177922630659	2.567716829170735	81.80000000000001	0.7368421052631579	1.0
HPV45	cross_reactive_non_booster_target	IgG4	antibody_isotype_or_subclass	0	20	20	20	20	0.0	0.1928000045563144	1.3248937131208756	0.0	0.2	1.0
HPV45	cross_reactive_non_booster_target	IgG4	antibody_isotype_or_subclass	1	20	20	20	20	0.0	0.30516651403770173	1.8918380085753934	0.0	0.45	1.0
HPV45	cross_reactive_non_booster_target	IgG4	antibody_isotype_or_subclass	2	21	21	21	21	0.8542583665512398	1.5917832527567375	2.4641846056632066	4.5	0.6190476190476191	1.0
HPV45	cross_reactive_non_booster_target	IgG4	antibody_isotype_or_subclass	3	19	19	19	19	1.2223924213364512	1.098626367702152	2.3995247991068025	1.2000000000000028	0.5263157894736842	1.0
HPV45	cross_reactive_non_booster_target	IgM	antibody_isotype_or_subclass	0	20	20	20	20	0.4512912237246818	0.48288192502113	0.9543393366705343	299.75	0.7	1.0
HPV45	cross_reactive_non_booster_target	IgM	antibody_isotype_or_subclass	1	20	20	20	20	0.04539198353445073	0.3905743619700922	1.1023193323410905	14.0	0.55	1.0
HPV45	cross_reactive_non_booster_target	IgM	antibody_isotype_or_subclass	2	21	21	21	21	0.2502416830429155	0.653872728923669	1.2279498771815156	242.79999999999995	0.5238095238095238	1.0
HPV45	cross_reactive_non_booster_target	IgM	antibody_isotype_or_subclass	3	19	19	19	19	0.008802230960849755	0.5807866414710383	1.5049716504437756	12.700000000000045	0.5263157894736842	1.0
HPV52	cross_reactive_non_booster_target	FcgR2A	fc_gamma_receptor_binding	0	20	20	20	20	0.0	-1.1606170637570565	5.084004877607579	0.0	0.2	1.0
HPV52	cross_reactive_non_booster_target	FcgR2A	fc_gamma_receptor_binding	1	20	20	20	20	5.750103500855059	4.731382467590523	4.6975403333909185	858.35	0.8	1.0
HPV52	cross_reactive_non_booster_target	FcgR2A	fc_gamma_receptor_binding	2	21	21	21	21	2.957002415162978	2.637813820456895	4.021435944304514	1036.5	0.8095238095238095	1.0
HPV52	cross_reactive_non_booster_target	FcgR2A	fc_gamma_receptor_binding	3	19	19	19	19	3.741946543768049	3.6567662106412335	3.66996931822641	854.3	0.8947368421052632	1.0
HPV52	cross_reactive_non_booster_target	FcgR2B	fc_gamma_receptor_binding	0	20	20	20	20	0.0	0.7253340709993171	3.8393876024754783	0.0	0.45	1.0
HPV52	cross_reactive_non_booster_target	FcgR2B	fc_gamma_receptor_binding	1	20	20	20	20	4.682054256244442	4.856197584743722	4.655599373878963	915.6	0.95	1.0
HPV52	cross_reactive_non_booster_target	FcgR2B	fc_gamma_receptor_binding	2	21	21	21	21	3.1497285626287503	3.695078847286006	2.7558740400542714	646.5	0.9047619047619048	1.0
HPV52	cross_reactive_non_booster_target	FcgR2B	fc_gamma_receptor_binding	3	19	19	19	19	4.041476635976159	3.8112177459692402	2.2169750660046166	520.5	0.8947368421052632	1.0
HPV52	cross_reactive_non_booster_target	FcgR3A	fc_gamma_receptor_binding	0	20	20	20	20	0.11706085695927748	0.3589260928025908	2.504420676064223	1.25	0.55	1.0
HPV52	cross_reactive_non_booster_target	FcgR3A	fc_gamma_receptor_binding	1	20	20	20	20	6.108194144351477	5.458500858391618	3.2062003880125918	535.5	0.95	1.0
HPV52	cross_reactive_non_booster_target	FcgR3A	fc_gamma_receptor_binding	2	21	21	21	21	3.5781153353248802	4.603499228089158	3.169279763686092	556.0	1.0	1.0
HPV52	cross_reactive_non_booster_target	FcgR3A	fc_gamma_receptor_binding	3	19	19	19	19	3.971215071471919	3.9930557609191877	2.2650135300092322	485.0	0.9473684210526315	1.0
HPV52	cross_reactive_non_booster_target	IgA1	antibody_isotype_or_subclass	0	20	20	20	20	0.704218042195587	1.0695173806848624	1.5569147534328933	180.45	0.8	1.0
HPV52	cross_reactive_non_booster_target	IgA1	antibody_isotype_or_subclass	1	20	20	20	20	1.4996777213752872	1.9379711614664523	3.4040515129315763	253.25	0.85	1.0
HPV52	cross_reactive_non_booster_target	IgA1	antibody_isotype_or_subclass	2	21	21	21	21	1.0845314966088928	1.2126882746458971	2.445665006993667	34.5	0.6190476190476191	1.0
HPV52	cross_reactive_non_booster_target	IgA1	antibody_isotype_or_subclass	3	19	19	19	19	0.0	0.21102247885469294	1.4607989782134905	0.0	0.47368421052631576	1.0
HPV52	cross_reactive_non_booster_target	IgA2	antibody_isotype_or_subclass	0	20	20	20	20	3.484694568940226	3.4229754987721632	3.0433483491653637	48.650000000000006	0.7	1.0
HPV52	cross_reactive_non_booster_target	IgA2	antibody_isotype_or_subclass	1	20	20	20	20	0.007926975600418551	1.1041137586453835	2.592231401596573	0.25	0.5	1.0
HPV52	cross_reactive_non_booster_target	IgA2	antibody_isotype_or_subclass	2	21	21	21	21	0.0	0.3845669448520796	3.0258360018162054	0.0	0.3333333333333333	1.0
HPV52	cross_reactive_non_booster_target	IgA2	antibody_isotype_or_subclass	3	19	19	19	19	0.0	-1.2525008512018454	3.7861664864162594	0.0	0.2631578947368421	1.0
HPV52	cross_reactive_non_booster_target	IgG	antibody_isotype_or_subclass	0	20	20	20	20	0.45650264096580484	0.510635328280714	2.3554271529488715	62.35	0.8	1.0
HPV52	cross_reactive_non_booster_target	IgG	antibody_isotype_or_subclass	1	20	20	20	20	4.358505925663917	4.318665071402422	2.0279630448687733	15036.0	1.0	1.0
HPV52	cross_reactive_non_booster_target	IgG	antibody_isotype_or_subclass	2	21	21	21	21	3.093453784626501	3.134319243482056	1.5508901852223438	12006.0	1.0	1.0
HPV52	cross_reactive_non_booster_target	IgG	antibody_isotype_or_subclass	3	19	19	19	19	3.9645845971307736	3.54956754925675	1.333072424445949	10163.5	0.9473684210526315	1.0
HPV52	cross_reactive_non_booster_target	IgG1	antibody_isotype_or_subclass	0	20	20	20	20	0.5146861497470354	0.4970608820251929	2.1263476972370157	42.00000000000001	0.8	1.0
HPV52	cross_reactive_non_booster_target	IgG1	antibody_isotype_or_subclass	1	20	20	20	20	4.172065474336261	4.117253869168267	2.050339879918257	4715.5	0.95	1.0
HPV52	cross_reactive_non_booster_target	IgG1	antibody_isotype_or_subclass	2	21	21	21	21	2.8106906044936437	3.0864921013152724	1.6717730536871795	4752.5	1.0	1.0
HPV52	cross_reactive_non_booster_target	IgG1	antibody_isotype_or_subclass	3	19	19	19	19	3.0932833211420903	3.0962667005494375	1.255465042504866	4467.5	0.9473684210526315	1.0
HPV52	cross_reactive_non_booster_target	IgG2	antibody_isotype_or_subclass	0	20	20	20	20	0.0	-0.18199202376642526	2.244349232939899	0.0	0.25	1.0
HPV52	cross_reactive_non_booster_target	IgG2	antibody_isotype_or_subclass	1	20	20	20	20	1.4213287667964767	1.7812701419535046	2.1950636054647723	15.350000000000001	0.8	1.0
HPV52	cross_reactive_non_booster_target	IgG2	antibody_isotype_or_subclass	2	21	21	21	21	2.938599455335857	3.399353607493416	2.443887204337231	27.200000000000003	0.8571428571428571	1.0
HPV52	cross_reactive_non_booster_target	IgG2	antibody_isotype_or_subclass	3	19	19	19	19	0.6003925412907622	1.436830487389469	3.6567449571642574	8.0	0.5263157894736842	1.0
HPV52	cross_reactive_non_booster_target	IgG3	antibody_isotype_or_subclass	0	20	20	20	20	0.30509286991043005	-0.19428211720605665	3.7214161248449176	2.8500000000000014	0.5	1.0
HPV52	cross_reactive_non_booster_target	IgG3	antibody_isotype_or_subclass	1	20	20	20	20	6.564312225869202	6.159399663166289	3.8808047586430576	8166.5	1.0	1.0
HPV52	cross_reactive_non_booster_target	IgG3	antibody_isotype_or_subclass	2	21	21	21	21	4.253445925275468	4.060229455089496	3.1014171232544907	2543.5	0.9523809523809523	1.0
HPV52	cross_reactive_non_booster_target	IgG3	antibody_isotype_or_subclass	3	19	19	19	19	4.474523961810004	3.4842534778818295	3.599238579948812	525.5	0.8947368421052632	1.0
HPV52	cross_reactive_non_booster_target	IgG4	antibody_isotype_or_subclass	0	20	20	20	20	0.0	0.018273125908995443	0.5344438989700837	0.0	0.1	1.0
HPV52	cross_reactive_non_booster_target	IgG4	antibody_isotype_or_subclass	1	20	20	20	20	0.0	1.0728324576247132	2.1229826378371808	0.0	0.4	1.0
HPV52	cross_reactive_non_booster_target	IgG4	antibody_isotype_or_subclass	2	21	21	21	21	0.0	1.7466679290491733	2.536953883884187	0.0	0.47619047619047616	1.0
HPV52	cross_reactive_non_booster_target	IgG4	antibody_isotype_or_subclass	3	19	19	19	19	0.0	0.8826835858449592	2.002047612306109	0.0	0.2631578947368421	1.0
HPV52	cross_reactive_non_booster_target	IgM	antibody_isotype_or_subclass	0	20	20	20	20	0.2085294656685015	0.16304498496890477	0.9800515366509196	214.39999999999998	0.6	1.0
HPV52	cross_reactive_non_booster_target	IgM	antibody_isotype_or_subclass	1	20	20	20	20	-0.105637915114138	0.26726003246684815	1.1729279446581973	-108.75	0.45	1.0
HPV52	cross_reactive_non_booster_target	IgM	antibody_isotype_or_subclass	2	21	21	21	21	-0.11679420053626899	0.07406721752434633	0.718716372933177	-78.29999999999995	0.38095238095238093	1.0
HPV52	cross_reactive_non_booster_target	IgM	antibody_isotype_or_subclass	3	19	19	19	19	-0.049280902771219104	0.1520803549066492	1.0642769529978808	-20.700000000000045	0.47368421052631576	1.0
HPV58	cross_reactive_non_booster_target	FcgR2A	fc_gamma_receptor_binding	0	20	20	20	20	0.0	-0.24592706855339896	4.646394923101745	0.0	0.4	1.0
HPV58	cross_reactive_non_booster_target	FcgR2A	fc_gamma_receptor_binding	1	20	20	20	20	5.329297021048326	4.218255670512628	4.78936230409947	428.75	0.8	1.0
HPV58	cross_reactive_non_booster_target	FcgR2A	fc_gamma_receptor_binding	2	21	21	21	21	3.2907793963166974	2.7439500988992656	3.2504861802507854	564.2	0.8095238095238095	1.0
HPV58	cross_reactive_non_booster_target	FcgR2A	fc_gamma_receptor_binding	3	19	19	19	19	4.22892266477007	3.6143458441737484	3.4120678464893652	1045.5	0.8947368421052632	1.0
HPV58	cross_reactive_non_booster_target	FcgR2B	fc_gamma_receptor_binding	0	20	20	20	20	0.2524251290179036	1.0531490833774382	2.728979283015323	6.100000000000001	0.65	1.0
HPV58	cross_reactive_non_booster_target	FcgR2B	fc_gamma_receptor_binding	1	20	20	20	20	4.193620473282337	3.967538799438214	2.569379391369523	635.0	0.95	1.0
HPV58	cross_reactive_non_booster_target	FcgR2B	fc_gamma_receptor_binding	2	21	21	21	21	2.551545500797956	3.028549225922415	2.0767895326912313	615.0	0.9047619047619048	1.0
HPV58	cross_reactive_non_booster_target	FcgR2B	fc_gamma_receptor_binding	3	19	19	19	19	3.124736227676058	2.6572589086038976	2.0261040514900373	549.0	0.8947368421052632	1.0
HPV58	cross_reactive_non_booster_target	FcgR3A	fc_gamma_receptor_binding	0	20	20	20	20	0.5515467464820516	0.8374956856389755	1.741543722951646	1.75	0.65	1.0
HPV58	cross_reactive_non_booster_target	FcgR3A	fc_gamma_receptor_binding	1	20	20	20	20	6.706362099401197	6.035202375824231	2.9252748046172914	524.6	1.0	1.0
HPV58	cross_reactive_non_booster_target	FcgR3A	fc_gamma_receptor_binding	2	21	21	21	21	4.27721524152587	4.746903400289686	2.297282947433595	396.00000000000006	1.0	1.0
HPV58	cross_reactive_non_booster_target	FcgR3A	fc_gamma_receptor_binding	3	19	19	19	19	3.274499592327249	4.158275009613862	3.0678130600637727	473.50000000000006	0.8947368421052632	1.0
HPV58	cross_reactive_non_booster_target	IgA1	antibody_isotype_or_subclass	0	20	20	20	20	0.6178922908889644	0.770120835781902	0.8952617059313682	121.0	0.75	1.0
HPV58	cross_reactive_non_booster_target	IgA1	antibody_isotype_or_subclass	1	20	20	20	20	0.6547944923689846	1.2226458774364328	1.6847051314103543	200.85	0.85	1.0
HPV58	cross_reactive_non_booster_target	IgA1	antibody_isotype_or_subclass	2	21	21	21	21	0.8029317350234173	1.1488976857365196	1.4161805333259407	378.0	0.7619047619047619	1.0
HPV58	cross_reactive_non_booster_target	IgA1	antibody_isotype_or_subclass	3	19	19	19	19	0.6097185998067278	0.7044924249864912	0.809783515969811	226.20000000000005	0.8421052631578947	1.0
HPV58	cross_reactive_non_booster_target	IgA2	antibody_isotype_or_subclass	0	20	20	20	20	0.663254232822732	2.0561504705235087	3.004549029857547	17.65	0.55	1.0
HPV58	cross_reactive_non_booster_target	IgA2	antibody_isotype_or_subclass	1	20	20	20	20	0.14270110943112435	2.973748179748795	4.230850156136589	10.5	0.5	1.0
HPV58	cross_reactive_non_booster_target	IgA2	antibody_isotype_or_subclass	2	21	21	21	21	0.0	1.1556439703282855	3.3952476091965935	0.0	0.38095238095238093	1.0
HPV58	cross_reactive_non_booster_target	IgA2	antibody_isotype_or_subclass	3	19	19	19	19	0.0	0.4601953827021184	3.988630571348282	0.0	0.47368421052631576	1.0
HPV58	cross_reactive_non_booster_target	IgG	antibody_isotype_or_subclass	0	20	20	20	20	0.3133180463341505	0.7034412295545007	1.2719974954142876	171.0	0.65	1.0
HPV58	cross_reactive_non_booster_target	IgG	antibody_isotype_or_subclass	1	20	20	20	20	4.791946244879862	4.220044558189773	1.7015596914647884	9675.25	1.0	1.0
HPV58	cross_reactive_non_booster_target	IgG	antibody_isotype_or_subclass	2	21	21	21	21	2.1511228504615634	2.4669723580888823	1.159078349157352	5240.7	1.0	1.0
HPV58	cross_reactive_non_booster_target	IgG	antibody_isotype_or_subclass	3	19	19	19	19	2.9394079426483266	3.2920763511371107	1.5278848794187567	12418.0	1.0	1.0
HPV58	cross_reactive_non_booster_target	IgG1	antibody_isotype_or_subclass	0	20	20	20	20	0.38276707386063835	0.6727080916024729	1.015984543933152	105.0	0.75	1.0
HPV58	cross_reactive_non_booster_target	IgG1	antibody_isotype_or_subclass	1	20	20	20	20	4.389991554474298	4.126673461081202	1.7238262869625984	4365.9	1.0	1.0
HPV58	cross_reactive_non_booster_target	IgG1	antibody_isotype_or_subclass	2	21	21	21	21	2.3530630918922686	2.574456618474072	1.2397894565026604	3191.8	1.0	1.0
HPV58	cross_reactive_non_booster_target	IgG1	antibody_isotype_or_subclass	3	19	19	19	19	2.784976842356814	3.1354232049934865	1.3190433221334763	6656.5	1.0	1.0
HPV58	cross_reactive_non_booster_target	IgG2	antibody_isotype_or_subclass	0	20	20	20	20	0.0	-0.5623127951655522	2.186474115501712	0.0	0.2	1.0
HPV58	cross_reactive_non_booster_target	IgG2	antibody_isotype_or_subclass	1	20	20	20	20	1.6739798958457646	2.0779466616009494	2.368901595626328	24.25	0.7	1.0
HPV58	cross_reactive_non_booster_target	IgG2	antibody_isotype_or_subclass	2	21	21	21	21	1.1171835393703393	1.7227237135184597	2.142738625411842	19.0	0.7619047619047619	1.0
HPV58	cross_reactive_non_booster_target	IgG2	antibody_isotype_or_subclass	3	19	19	19	19	0.0	1.1520034591236394	3.0531359338207813	0.0	0.47368421052631576	1.0
HPV58	cross_reactive_non_booster_target	IgG3	antibody_isotype_or_subclass	0	20	20	20	20	0.44834243458442335	0.16307576936297355	3.2330884163780196	30.900000000000006	0.55	1.0
HPV58	cross_reactive_non_booster_target	IgG3	antibody_isotype_or_subclass	1	20	20	20	20	5.199146419344783	5.433819576447164	3.0411453948974025	2242.15	0.95	1.0
HPV58	cross_reactive_non_booster_target	IgG3	antibody_isotype_or_subclass	2	21	21	21	21	4.5983777969101824	4.177254155022214	2.9752646421075877	2724.2	0.9047619047619048	1.0
HPV58	cross_reactive_non_booster_target	IgG3	antibody_isotype_or_subclass	3	19	19	19	19	2.771992979166126	2.5782305132233234	3.134771725893872	361.0	0.8421052631578947	1.0
HPV58	cross_reactive_non_booster_target	IgG4	antibody_isotype_or_subclass	0	20	20	20	20	0.0	-0.2053856750122791	1.1610586041348736	0.0	0.1	1.0
HPV58	cross_reactive_non_booster_target	IgG4	antibody_isotype_or_subclass	1	20	20	20	20	0.0	0.7579207942728902	2.1128005295976995	0.0	0.4	1.0
HPV58	cross_reactive_non_booster_target	IgG4	antibody_isotype_or_subclass	2	21	21	21	21	1.5501970825604818	1.5715313986293435	2.1684582658758127	3.299999999999997	0.6666666666666666	1.0
HPV58	cross_reactive_non_booster_target	IgG4	antibody_isotype_or_subclass	3	19	19	19	19	1.8981203859807854	1.6280197719615663	1.602746604061614	4.299999999999997	0.5789473684210527	1.0
HPV58	cross_reactive_non_booster_target	IgM	antibody_isotype_or_subclass	0	20	20	20	20	0.34726036605987254	0.26345752985256105	0.6595831702433557	535.25	0.75	1.0
HPV58	cross_reactive_non_booster_target	IgM	antibody_isotype_or_subclass	1	20	20	20	20	0.27428546380834273	0.14146131088183056	0.5773072623712833	293.75	0.6	1.0
HPV58	cross_reactive_non_booster_target	IgM	antibody_isotype_or_subclass	2	21	21	21	21	-0.13589839228446898	-0.05545070057937451	0.3995713296650839	-107.0	0.3333333333333333	1.0
HPV58	cross_reactive_non_booster_target	IgM	antibody_isotype_or_subclass	3	19	19	19	19	-0.13012802490022501	0.04965928503203795	0.8594746365106523	-190.70000000000005	0.3157894736842105	1.0
