sensitivity_id	antigen_target	feature	previous_4vHPV_doses	continuous_effect	continuous_q_value	detection_effect	detection_q_value	conditional_effect	conditional_q_value	robustness_classification
within|BPV|FcgR2A|dose0	BPV	FcgR2A	0.0	-0.4065962078318978	0.6015559675106739	-0.25	0.4423076923076923	0.38350131913267943	0.5633562403408543	continuous_result_not_fdr_significant
within|BPV|FcgR2A|dose1	BPV	FcgR2A	1.0	1.3126559816079524	0.0459988434520598	0.15	0.7619047619047619	1.3306738818437127	0.02542571556109198	sensitivity_supported
within|BPV|FcgR2A|dose2	BPV	FcgR2A	2.0	0.281266920519847	0.6015559675106739	0.0	1.0	0.29957956692123716	0.48251857414676164	continuous_result_not_fdr_significant
within|BPV|FcgR2A|dose3	BPV	FcgR2A	3.0	0.7355696741351183	0.1430595663737606	-0.05263157894736842	1.0	1.0844267898355613	0.005600280476053315	continuous_result_not_fdr_significant
within|BPV|FcgR2B|dose0	BPV	FcgR2B	0.0	-0.0799996135111291	0.8185175594598538	0.0	1.0	-0.8003141458182099	0.48251857414676164	continuous_result_not_fdr_significant
within|BPV|FcgR2B|dose1	BPV	FcgR2B	1.0	0.4282853652235089	0.4601984316610846	0.1	0.8695652173913043	0.6685640174786163	0.408530529467313	continuous_result_not_fdr_significant
within|BPV|FcgR2B|dose2	BPV	FcgR2B	2.0	2.5531120931337616	0.005189685250822	0.42857142857142855	0.125	2.0549544048682935	0.08186546646141869	not_supported_after_floor_sensitivity
within|BPV|FcgR2B|dose3	BPV	FcgR2B	3.0	0.9653363567008676	0.0788059556293726	0.10526315789473684	0.7619047619047619	1.0857636000438065	0.08186546646141869	continuous_result_not_fdr_significant
within|BPV|FcgR3A|dose0	BPV	FcgR3A	0.0	0.3682205383472614	0.4601984316610846	0.05	1.0	0.30310649880301005	0.5280893879787836	continuous_result_not_fdr_significant
within|BPV|FcgR3A|dose1	BPV	FcgR3A	1.0	0.6327174168822417	0.1430595663737606	0.1	0.8695652173913043	0.5615390799007551	0.09215592458487794	continuous_result_not_fdr_significant
within|BPV|FcgR3A|dose2	BPV	FcgR3A	2.0	1.183176571426511	0.0070245036083113	0.09523809523809523	0.7619047619047619	1.354520913557387	0.0018217611084897017	sensitivity_supported
within|BPV|FcgR3A|dose3	BPV	FcgR3A	3.0	1.154889854670735	0.0459988434520598	0.10526315789473684	0.7619047619047619	1.2073698988193133	0.06556971353070043	not_supported_after_floor_sensitivity
within|BPV|IgA2|dose0	BPV	IgA2	0.0	0.9365258917708024	0.1517017062491697	-0.2	0.21428571428571427	1.3062776773036475	0.06190705828236606	continuous_result_not_fdr_significant
within|BPV|IgA2|dose1	BPV	IgA2	1.0	0.1197571078033375	0.9228091678691952	-0.6	0.0087890625	2.1679614879140603	0.06190705828236606	continuous_result_not_fdr_significant
within|BPV|IgA2|dose2	BPV	IgA2	2.0	0.7795382084971871	0.3546593055433394	-0.2857142857142857	0.08653846153846154	1.1463124488252543	0.2721014461341589	continuous_result_not_fdr_significant
within|BPV|IgA2|dose3	BPV	IgA2	3.0	-0.0260556648613954	0.958924353605132	-0.42105263157894735	0.04017857142857143	0.6428870474222165	0.46696025227439747	continuous_result_not_fdr_significant
within|BPV|IgG2|dose0	BPV	IgG2	0.0	0.7840438471067046	0.2795135431606533	0.15	0.43478260869565216	0.06377906928600283	0.9329902150148872	continuous_result_not_fdr_significant
within|BPV|IgG2|dose1	BPV	IgG2	1.0	-0.6512664667483063	0.3322155029708089	0.05	1.0	-1.419117439607935	0.2811009824442051	continuous_result_not_fdr_significant
within|BPV|IgG2|dose2	BPV	IgG2	2.0	0.884500811237386	0.1796135826073007	0.09523809523809523	0.7407407407407407	0.9500359749232653	0.41116827240771237	continuous_result_not_fdr_significant
within|BPV|IgG2|dose3	BPV	IgG2	3.0	0.1350985969499484	0.6551400319900031	-0.05263157894736842	1.0	0.38300633742404705	0.6752721082667139	continuous_result_not_fdr_significant
within|BPV|IgG4|dose0	BPV	IgG4	0.0	0.199039298101086	0.5807932191334099	0.7	0.001220703125	-0.2309227087040159	0.8490646316974693	continuous_result_not_fdr_significant
within|BPV|IgG4|dose1	BPV	IgG4	1.0	-0.1732441304345336	0.6410782022659731	0.7	0.001220703125	-1.2953851889804864	0.3417518366002328	continuous_result_not_fdr_significant
within|BPV|IgG4|dose2	BPV	IgG4	2.0	0.274641530042122	0.3377526928089272	0.7142857142857143	0.001220703125	-0.013420795945064049	0.9826570563855771	continuous_result_not_fdr_significant
within|BPV|IgG4|dose3	BPV	IgG4	3.0	-0.74133466461052	0.2795135431606533	0.5789473684210527	0.01953125	-2.1421163118016016	0.18392657849809313	continuous_result_not_fdr_significant
within|HPV16|FcgR2B|dose0	HPV16	FcgR2B	0.0	7.728529739934484	3.594033731040495e-07	0.55	0.0625	4.543077802665149	0.012176251135663166	sensitivity_supported
within|HPV16|FcgR2B|dose1	HPV16	FcgR2B	1.0	0.567756456232795	0.3480671116967098	0.0	1.0	0.40065555063090774	0.03228753603060005	continuous_result_not_fdr_significant
within|HPV16|FcgR2B|dose2	HPV16	FcgR2B	2.0	0.1402537704033843	0.0382254631407222	0.0	1.0	0.14025377040338438	0.04637624407643338	sensitivity_supported
within|HPV16|FcgR2B|dose3	HPV16	FcgR2B	3.0	0.1242531859870659	0.2535517980692016	0.0	1.0	0.1242531859870659	0.2903588844844422	continuous_result_not_fdr_significant
within|HPV16|IgA2|dose0	HPV16	IgA2	0.0	9.639142316027357	1.4126044431410598e-10	0.75	0.002197265625	8.723708996674192	0.021532123883012233	sensitivity_supported
within|HPV16|IgA2|dose1	HPV16	IgA2	1.0	4.523405268357246	0.0006260256098965	0.2	0.21428571428571427	2.7948749594434914	0.00437521719473048	sensitivity_supported
within|HPV16|IgA2|dose2	HPV16	IgA2	2.0	1.7438883408538173	0.0304151820216233	0.047619047619047616	1.0	1.3727629656222182	0.06190705828236606	not_supported_after_floor_sensitivity
within|HPV16|IgA2|dose3	HPV16	IgA2	3.0	2.2001065108188125	0.0028794818685095	0.10526315789473684	0.6206896551724138	1.607682123615835	0.004075770322296365	sensitivity_supported
within|HPV16|IgG2|dose0	HPV16	IgG2	0.0	1.2912135836911287	0.5000663397544107	0.45	0.046875	2.0247113975685336	0.3417518366002328	continuous_result_not_fdr_significant
within|HPV16|IgG2|dose1	HPV16	IgG2	1.0	2.491257919520913	0.0036511072118107	0.1	0.7407407407407407	1.9338534578657098	0.03148974278738804	sensitivity_supported
within|HPV16|IgG2|dose2	HPV16	IgG2	2.0	0.4246740794557859	0.4195335679498815	0.0	1.0	0.42467407945578595	0.5768586559310871	continuous_result_not_fdr_significant
within|HPV16|IgG2|dose3	HPV16	IgG2	3.0	0.6422621513234879	0.2820614469464131	0.0	1.0	0.6422621513234879	0.42703402293905723	continuous_result_not_fdr_significant
within|HPV16|IgG4|dose0	HPV16	IgG4	0.0	0.819372315259957	0.0710447900637715	-0.65	0.0016276041666666667	2.6454788553948987	0.03810307777972048	continuous_result_not_fdr_significant
within|HPV16|IgG4|dose1	HPV16	IgG4	1.0	2.4882892950453352	0.0019029013874057	-0.05	1.0	2.6192518895214056	0.005925622852021885	sensitivity_supported
within|HPV16|IgG4|dose2	HPV16	IgG4	2.0	0.407349399496561	0.4195335679498815	0.0	1.0	0.407349399496561	0.5768586559310871	continuous_result_not_fdr_significant
within|HPV16|IgG4|dose3	HPV16	IgG4	3.0	0.2778355873951089	0.6783600979585285	0.0	1.0	0.27783558739510894	0.7503289738974059	continuous_result_not_fdr_significant
within|HPV16|nAb|dose0	HPV16	nAb	0.0	5.1	6.249818400229183e-08	0.75	0.000244140625	8.0		sensitivity_supported
within|HPV16|nAb|dose1	HPV16	nAb	1.0	5.75	5.589934478487331e-09	0.05	1.0	5.894736842105263	1.0964419551570983e-08	sensitivity_supported
within|HPV16|nAb|dose2	HPV16	nAb	2.0	3.4761904761904763	5.232484869542223e-10	0.0	1.0	3.4761904761904763	6.976646492722963e-10	sensitivity_supported
within|HPV16|nAb|dose3	HPV16	nAb	3.0	3.736842105263157	6.465684301869224e-07	0.0	1.0	3.736842105263157	6.465684301869224e-07	sensitivity_supported
within|HPV18|IgA2|dose0	HPV18	IgA2	0.0	5.806649541396817	1.5139163136873791e-06	0.4	0.04017857142857143	4.357511716702502	0.002454398995612434	sensitivity_supported
within|HPV18|IgA2|dose1	HPV18	IgA2	1.0	4.752425889451458	0.0004611873872784	0.5	0.0234375	1.8356520406421912	0.20394330968790456	sensitivity_supported
within|HPV18|IgA2|dose2	HPV18	IgA2	2.0	3.404783419719778	0.0031089067534575	0.23809523809523808	0.15	1.7431079487175016	0.06190705828236606	not_supported_after_floor_sensitivity
within|HPV18|IgA2|dose3	HPV18	IgA2	3.0	3.500751592338076	0.0046047915792512	0.2631578947368421	0.15	1.5504530874508113	0.07428993269236271	not_supported_after_floor_sensitivity
within|HPV18|IgG4|dose0	HPV18	IgG4	0.0	-0.2462005357836608	0.7980473849338032	0.65	0.0016276041666666667	-2.104882950476839	0.14706077782237972	continuous_result_not_fdr_significant
within|HPV18|IgG4|dose1	HPV18	IgG4	1.0	2.0124065787615644	0.0108426927209069	0.45	0.01953125	0.4382540165794735	0.6203197182763659	sensitivity_supported
within|HPV18|IgG4|dose2	HPV18	IgG4	2.0	1.8101030181419635	0.0179737170494724	0.19047619047619047	0.25	0.9546154177560808	0.2811009824442051	not_supported_after_floor_sensitivity
within|HPV18|IgG4|dose3	HPV18	IgG4	3.0	1.9345140694584284	0.0366361193262146	0.21052631578947367	0.4166666666666667	1.3296865242572578	0.21394997769989144	not_supported_after_floor_sensitivity
within|HPV18|nAb|dose0	HPV18	nAb	0.0	3.900000000000001	3.491551032547018e-07	0.85	0.0001220703125	6.000000000000001		sensitivity_supported
within|HPV18|nAb|dose1	HPV18	nAb	1.0	6.1	1.644778503536252e-10	0.3	0.08333333333333333	5.642857142857143	1.049237400653189e-07	sensitivity_supported
within|HPV18|nAb|dose2	HPV18	nAb	2.0	5.238095238095238	2.9899913610974596e-11	0.09523809523809523	1.0	5.105263157894737	3.556620457948627e-10	sensitivity_supported
within|HPV18|nAb|dose3	HPV18	nAb	3.0	5.157894736842105	5.314191828098368e-13	0.05263157894736842	1.0	5.055555555555555	1.3869274728443275e-12	sensitivity_supported
within|HPV31|FcgR2B|dose0	HPV31	FcgR2B	0.0	2.3336024071487924	0.0144529596490535	0.1	0.7619047619047619	1.9120940844875942	0.01932095775517406	sensitivity_supported
within|HPV31|FcgR2B|dose1	HPV31	FcgR2B	1.0	5.080293889823286	2.517322797282496e-05	0.25	0.2222222222222222	3.2549088951593963	0.00015797892587347454	sensitivity_supported
within|HPV31|FcgR2B|dose2	HPV31	FcgR2B	2.0	3.344916208583576	0.0004486440086586	0.19047619047619047	0.32	2.0995666966242648	0.00043119189925479485	sensitivity_supported
within|HPV31|FcgR2B|dose3	HPV31	FcgR2B	3.0	2.713768023299369	0.0004720422111906	0.05263157894736842	1.0	2.445690757309999	0.001017826988611104	sensitivity_supported
within|HPV31|FcgR3A|dose0	HPV31	FcgR3A	0.0	2.0160363294119827	0.0144529596490535	0.1	0.7619047619047619	1.8291644417305561	0.02018296447876971	sensitivity_supported
within|HPV31|FcgR3A|dose1	HPV31	FcgR3A	1.0	5.399575353412487	7.748644496839965e-06	0.15	0.5161290322580645	4.4738475220255705	3.9564265363803274e-05	sensitivity_supported
within|HPV31|FcgR3A|dose2	HPV31	FcgR3A	2.0	4.110380332860128	2.517322797282496e-05	0.14285714285714285	0.5161290322580645	3.1036408110864553	3.797364885563204e-05	sensitivity_supported
within|HPV31|FcgR3A|dose3	HPV31	FcgR3A	3.0	3.575111601241427	8.103135226981761e-05	0.15789473684210525	0.5161290322580645	2.5767775981617564	7.842702472789878e-05	sensitivity_supported
within|HPV31|IgA2|dose0	HPV31	IgA2	0.0	3.4641104511711225	0.0093198169165247	0.4	0.04017857142857143	0.2290397149736211	0.8889100673645908	sensitivity_supported
within|HPV31|IgA2|dose1	HPV31	IgA2	1.0	4.103218683831435	0.0015359101285996	0.3	0.158203125	4.012724468289907	0.06190705828236606	not_supported_after_floor_sensitivity
within|HPV31|IgA2|dose2	HPV31	IgA2	2.0	4.901327733755285	0.0010618538738222	0.38095238095238093	0.0703125	3.8575123648664627	0.06190705828236606	not_supported_after_floor_sensitivity
within|HPV31|IgA2|dose3	HPV31	IgA2	3.0	4.571850710320103	0.0010618538738222	0.3684210526315789	0.05625	3.3096786298786607	0.06190705828236606	not_supported_after_floor_sensitivity
within|HPV31|IgG2|dose0	HPV31	IgG2	0.0	-0.2352294580608573	0.8223165018072863	-0.1	0.7407407407407407	0.5483258264770766	0.6427217212935341	continuous_result_not_fdr_significant
within|HPV31|IgG2|dose1	HPV31	IgG2	1.0	3.517412942966112	0.0003085228166983	0.35	0.04807692307692308	2.6172069332715218	0.02918082820986809	sensitivity_supported
within|HPV31|IgG2|dose2	HPV31	IgG2	2.0	3.794207910188667	4.60750911786394e-06	0.3333333333333333	0.04807692307692308	3.3357717590457345	0.005925622852021885	sensitivity_supported
within|HPV31|IgG2|dose3	HPV31	IgG2	3.0	1.7857907959200865	0.0668897870955611	0.21052631578947367	0.25	0.7036809815797052	0.5768971216548371	continuous_result_not_fdr_significant
within|HPV31|IgG4|dose0	HPV31	IgG4	0.0	-0.0070546159617299	0.9493673769450394	-0.9	0.00030517578125	1.0605415419350503		continuous_result_not_fdr_significant
within|HPV31|IgG4|dose1	HPV31	IgG4	1.0	1.9893567999816308	0.0005922016640913	-0.25	0.14705882352941177	2.652475733308841	0.0015174907841005673	sensitivity_supported
within|HPV31|IgG4|dose2	HPV31	IgG4	2.0	1.7803082299175732	0.0070558103178535	-0.3333333333333333	0.04807692307692308	2.836314351654028	0.005925622852021885	sensitivity_supported
within|HPV31|IgG4|dose3	HPV31	IgG4	3.0	1.951499555650317	0.0006227927131992	-0.2631578947368421	0.14705882352941177	2.6484636826682872	0.0015174907841005673	sensitivity_supported
within|HPV33|FcgR2A|dose0	HPV33	FcgR2A	0.0	-0.5411164284058568	0.629138412349363	0.1	0.9361702127659575	-1.45482860332298	0.25388837341574344	continuous_result_not_fdr_significant
within|HPV33|FcgR2A|dose1	HPV33	FcgR2A	1.0	3.0410379055636256	0.0052016851713717	0.3	0.23684210526315788	1.0116930509378255	0.28230208047596106	not_supported_after_floor_sensitivity
within|HPV33|FcgR2A|dose2	HPV33	FcgR2A	2.0	2.5539314034723497	0.0125845487886539	0.19047619047619047	0.5161290322580645	1.186543908047562	0.11786238055151213	not_supported_after_floor_sensitivity
within|HPV33|FcgR2A|dose3	HPV33	FcgR2A	3.0	3.6298339111919606	7.291784208248636e-05	0.3157894736842105	0.16666666666666666	2.781780008778102	0.008231415090651152	sensitivity_supported
within|HPV33|FcgR3A|dose0	HPV33	FcgR3A	0.0	0.6679077505291314	0.3426321973047624	0.15	0.7272727272727273	-0.10070128195571484	0.6110140897704843	continuous_result_not_fdr_significant
within|HPV33|FcgR3A|dose1	HPV33	FcgR3A	1.0	3.574388881722844	1.0632366290515537e-05	0.35	0.125	2.2642475271257316	0.0007700832545708793	sensitivity_supported
within|HPV33|FcgR3A|dose2	HPV33	FcgR3A	2.0	2.792564101068946	4.507339443275901e-05	0.19047619047619047	0.32	2.2175086205535424	3.074815913180765e-05	sensitivity_supported
within|HPV33|FcgR3A|dose3	HPV33	FcgR3A	3.0	3.4700671618544887	7.291784208248636e-05	0.3157894736842105	0.16666666666666666	2.359413345002932	0.0018520420392596506	sensitivity_supported
within|HPV33|IgA2|dose0	HPV33	IgA2	0.0	2.555031063246548	0.0027408215645134	0.2	0.21428571428571427	2.7786673211153934	0.021532123883012233	sensitivity_supported
within|HPV33|IgA2|dose1	HPV33	IgA2	1.0	1.2007624138707151	0.1104137960855332	0.0	1.0	1.8927785436163957	0.1856064146368893	continuous_result_not_fdr_significant
within|HPV33|IgA2|dose2	HPV33	IgA2	2.0	1.221037068962779	0.0784343939281054	0.19047619047619047	0.21428571428571427	0.9033374241438938	0.6346308036127454	continuous_result_not_fdr_significant
within|HPV33|IgA2|dose3	HPV33	IgA2	3.0	1.6722170431620789	0.0509451671443289	0.10526315789473684	0.6206896551724138	1.3695911946881045	0.1682750523132023	continuous_result_not_fdr_significant
within|HPV33|IgG2|dose0	HPV33	IgG2	0.0	0.340542911336152	0.741977992966963	0.05	1.0	0.5282598387930036	0.6752721082667139	continuous_result_not_fdr_significant
within|HPV33|IgG2|dose1	HPV33	IgG2	1.0	1.6303759364159691	0.0185987181317366	0.15	0.625	1.3608251943088328	0.06962571475786572	not_supported_after_floor_sensitivity
within|HPV33|IgG2|dose2	HPV33	IgG2	2.0	0.7288561051003166	0.1802700021174642	0.0	1.0	0.9141888580655154	0.17457874146736893	continuous_result_not_fdr_significant
within|HPV33|IgG2|dose3	HPV33	IgG2	3.0	-0.2428932821603634	0.7838039470191239	-0.05263157894736842	1.0	-0.3036092823181147	0.7713136897373399	continuous_result_not_fdr_significant
within|HPV45|FcgR2A|dose0	HPV45	FcgR2A	0.0	-2.152278205103205	0.1994193883136976	-0.2	0.6875	-1.995389602470385	0.4020733268492294	continuous_result_not_fdr_significant
within|HPV45|FcgR2A|dose1	HPV45	FcgR2A	1.0	2.790458247698408	0.0382254631407222	0.05	1.0	3.9296760486149056	0.007890082175875597	sensitivity_supported
within|HPV45|FcgR2A|dose2	HPV45	FcgR2A	2.0	3.2861049111250797	0.000667443873072	0.0	1.0	3.2861049111250793	0.000986237411292673	sensitivity_supported
within|HPV45|FcgR2A|dose3	HPV45	FcgR2A	3.0	3.535896797004563	0.0010407841871088	0.0	1.0	3.9970775697547984	1.3602320198875479e-05	sensitivity_supported
within|HPV45|FcgR2B|dose0	HPV45	FcgR2B	0.0	0.9364258095148028	0.0755138293628063	-0.05	1.0	1.1229968343036834	0.02720177235505373	continuous_result_not_fdr_significant
within|HPV45|FcgR2B|dose1	HPV45	FcgR2B	1.0	4.793248138353397	5.387771589675224e-06	0.3	0.16666666666666666	3.2932502074203365	1.3602320198875479e-05	sensitivity_supported
within|HPV45|FcgR2B|dose2	HPV45	FcgR2B	2.0	4.684634540440045	7.501696109642757e-06	0.23809523809523808	0.2222222222222222	3.5867409816083553	3.9564265363803274e-05	sensitivity_supported
within|HPV45|FcgR2B|dose3	HPV45	FcgR2B	3.0	3.4406681622974955	9.943195297809123e-06	0.05263157894736842	1.0	3.267935997757522	2.7889682975314225e-06	sensitivity_supported
within|HPV45|FcgR3A|dose0	HPV45	FcgR3A	0.0	1.279967226680486	0.0355261867803397	0.1	0.8695652173913043	1.3995013182203417	0.046363442091983544	sensitivity_supported
within|HPV45|FcgR3A|dose1	HPV45	FcgR3A	1.0	6.018662477327074	3.432737748205612e-06	0.45	0.08333333333333333	3.373152155456596	0.001017826988611104	sensitivity_supported
within|HPV45|FcgR3A|dose2	HPV45	FcgR3A	2.0	5.7771702456410985	1.6668843604306274e-07	0.3333333333333333	0.125	4.430251740368671	1.934472949082169e-05	sensitivity_supported
within|HPV45|FcgR3A|dose3	HPV45	FcgR3A	3.0	4.358099361223715	2.245724906850924e-05	0.21052631578947367	0.32	3.374014388800801	4.624677202167253e-05	sensitivity_supported
within|HPV45|IgA2|dose0	HPV45	IgA2	0.0	-1.4188406596585104	0.3124413154403235	-0.2	0.515625	-0.11967307917363978	0.7793986503071596	continuous_result_not_fdr_significant
within|HPV45|IgA2|dose1	HPV45	IgA2	1.0	0.9263233621139648	0.5833218482475434	0.1	0.871875	-0.00034719568005631997	0.6346308036127454	continuous_result_not_fdr_significant
within|HPV45|IgA2|dose2	HPV45	IgA2	2.0	-0.3327411514153591	0.7140063926963462	-0.047619047619047616	1.0	0.2552597591839376	0.6845218767647	continuous_result_not_fdr_significant
within|HPV45|IgA2|dose3	HPV45	IgA2	3.0	-0.0691334701849868	0.963622421246938	-0.05263157894736842	1.0	0.8553653780246854	0.3613686841540715	continuous_result_not_fdr_significant
within|HPV45|IgG2|dose0	HPV45	IgG2	0.0	-0.4077212150045193	0.741977992966963	0.05	1.0	-0.6813464314192637	0.6752721082667139	continuous_result_not_fdr_significant
within|HPV45|IgG2|dose1	HPV45	IgG2	1.0	1.9789670754065696	0.0114255294225792	0.2	0.25	2.9436148137676077	0.21394997769989144	not_supported_after_floor_sensitivity
within|HPV45|IgG2|dose2	HPV45	IgG2	2.0	2.7012734875132223	0.0007364318141165	0.23809523809523808	0.14705882352941177	2.413589611665572	0.01398454478689616	sensitivity_supported
within|HPV45|IgG2|dose3	HPV45	IgG2	3.0	1.0121173061502902	0.1959974839161593	0.05263157894736842	1.0	0.7642033825956573	0.5658364492966405	continuous_result_not_fdr_significant
within|HPV52|FcgR2A|dose0	HPV52	FcgR2A	0.0	-1.1713866022990291	0.5194036867558287	0.0	1.0	-2.1629555086668275	0.405403531551837	continuous_result_not_fdr_significant
within|HPV52|FcgR2A|dose1	HPV52	FcgR2A	1.0	4.956728302507235	0.0005283287499582	0.35	0.17857142857142858	4.125761929063379	0.0077314499993538476	sensitivity_supported
within|HPV52|FcgR2A|dose2	HPV52	FcgR2A	2.0	2.706832268109981	0.0093452663022513	0.09523809523809523	0.7619047619047619	2.004337131433963	0.038967571484851644	sensitivity_supported
within|HPV52|FcgR2A|dose3	HPV52	FcgR2A	3.0	3.730942200292192	0.001015212251142	0.10526315789473684	0.8695652173913043	3.773671567038367	3.390271351486784e-05	sensitivity_supported
within|HPV52|FcgR2B|dose0	HPV52	FcgR2B	0.0	0.7677191859783923	0.5732298469169295	0.05	1.0	2.2640639377980043	0.12020886492166732	continuous_result_not_fdr_significant
within|HPV52|FcgR2B|dose1	HPV52	FcgR2B	1.0	5.072012448298682	0.0004486440086586	0.35	0.17857142857142858	3.736179728745457	0.0012904082716649373	sensitivity_supported
within|HPV52|FcgR2B|dose2	HPV52	FcgR2B	2.0	3.817029098287597	2.517322797282496e-05	0.19047619047619047	0.32	3.088871313699021	3.9564265363803274e-05	sensitivity_supported
within|HPV52|FcgR2B|dose3	HPV52	FcgR2B	3.0	3.9525569713179705	6.459060051073884e-06	0.21052631578947367	0.32	3.856995383673443	3.074815913180765e-05	sensitivity_supported
within|HPV52|FcgR3A|dose0	HPV52	FcgR3A	0.0	0.3772928197263262	0.629138412349363	0.0	1.0	0.44387390556038375	0.5361624819218498	continuous_result_not_fdr_significant
within|HPV52|FcgR3A|dose1	HPV52	FcgR3A	1.0	5.692508219630346	5.387771589675224e-06	0.35	0.125	3.7357493805296165	0.000685015122692871	sensitivity_supported
within|HPV52|FcgR3A|dose2	HPV52	FcgR3A	2.0	4.787867908517309	1.178699203387199e-05	0.2857142857142857	0.16666666666666666	2.89614917861562	4.624677202167253e-05	sensitivity_supported
within|HPV52|FcgR3A|dose3	HPV52	FcgR3A	3.0	4.106362138532975	5.910545640726452e-06	0.15789473684210525	0.5161290322580645	3.7268941176775585	2.1922330793454963e-05	sensitivity_supported
within|HPV52|IgA1|dose0	HPV52	IgA1	0.0	1.0713536639138437	0.0102876992869025	0.0	1.0	1.1277406988566774	0.03104018808838401	sensitivity_supported
within|HPV52|IgA1|dose1	HPV52	IgA1	1.0	2.050698106177875	0.0333241362558821	0.2	0.21428571428571427	0.5175436077324822	0.3683136832575697	not_supported_after_floor_sensitivity
within|HPV52|IgA1|dose2	HPV52	IgA1	2.0	1.2960559603639987	0.0492467785908425	0.14285714285714285	0.391304347826087	0.7215186282579399	0.3313859509504933	not_supported_after_floor_sensitivity
within|HPV52|IgA1|dose3	HPV52	IgA1	3.0	0.2504407937538809	0.5527710134204906	0.10526315789473684	0.6206896551724138	-0.003682413171263125	0.9924937136130922	continuous_result_not_fdr_significant
within|HPV52|IgA2|dose0	HPV52	IgA2	0.0	3.571645274820687	0.0002494718632155	-0.15	0.5192307692307693	4.418606677355647	0.001949534405638982	sensitivity_supported
within|HPV52|IgA2|dose1	HPV52	IgA2	1.0	1.124350732154068	0.1054408751735943	-0.35	0.05625	2.0535744622084855	0.06190705828236606	continuous_result_not_fdr_significant
within|HPV52|IgA2|dose2	HPV52	IgA2	2.0	0.4172285805384668	0.6009819140085314	-0.42857142857142855	0.03515625	1.4642303638522554	0.20394330968790456	continuous_result_not_fdr_significant
within|HPV52|IgA2|dose3	HPV52	IgA2	3.0	-1.2764390407390132	0.2101640811133253	-0.3684210526315789	0.05625	-0.6497110804256855	0.657828400096035	continuous_result_not_fdr_significant
within|HPV52|IgG2|dose0	HPV52	IgG2	0.0	-0.1840817662334134	0.8460604444422937	0.0	1.0	0.035559835147415564	0.9826570563855771	continuous_result_not_fdr_significant
within|HPV52|IgG2|dose1	HPV52	IgG2	1.0	1.9257523427772696	0.0029104354778932	0.25	0.14705882352941177	1.298227348218459	0.04997815630554496	sensitivity_supported
within|HPV52|IgG2|dose2	HPV52	IgG2	2.0	3.6433666444970663	9.347583242285438e-06	0.38095238095238093	0.034722222222222224	2.837768358475586	0.005925622852021885	sensitivity_supported
within|HPV52|IgG2|dose3	HPV52	IgG2	3.0	1.532312892677406	0.1169774295475119	0.15789473684210525	0.43478260869565216	0.45082395994694713	0.69633970890526	continuous_result_not_fdr_significant
within|HPV58|FcgR2A|dose0	HPV58	FcgR2A	0.0	-0.1333733058759735	0.922892477127598	0.25	0.2222222222222222	-2.658099045831404	0.03217442704813894	continuous_result_not_fdr_significant
within|HPV58|FcgR2A|dose1	HPV58	FcgR2A	1.0	4.423546303399879	0.0014496293936882	0.25	0.2222222222222222	3.180028934999945	0.0300051829896774	sensitivity_supported
within|HPV58|FcgR2A|dose2	HPV58	FcgR2A	2.0	2.810645944980559	0.0017239226964541	0.09523809523809523	0.7619047619047619	2.245716973123975	0.007890082175875597	sensitivity_supported
within|HPV58|FcgR2A|dose3	HPV58	FcgR2A	3.0	3.665671163616598	0.0005035214203776	0.05263157894736842	1.0	3.531718695092474	0.0013662394132982153	sensitivity_supported
within|HPV58|FcgR3A|dose0	HPV58	FcgR3A	0.0	0.8332113437185569	0.1248195442849991	-0.1	0.7619047619047619	1.4457729791599727	0.005462556661410974	continuous_result_not_fdr_significant
within|HPV58|FcgR3A|dose1	HPV58	FcgR3A	1.0	6.358503677251621	5.987224594016586e-07	0.5	0.0625	3.8045795341358293	0.0013662394132982153	sensitivity_supported
within|HPV58|FcgR3A|dose2	HPV58	FcgR3A	2.0	4.961473050805968	5.649680860935181e-07	0.3333333333333333	0.125	3.57861162130752	2.1922330793454963e-05	sensitivity_supported
within|HPV58|FcgR3A|dose3	HPV58	FcgR3A	3.0	4.320035048492859	4.892802691763512e-05	0.21052631578947367	0.32	3.8649659688489186	0.0007103094509411743	sensitivity_supported
within|HPV58|IgA2|dose0	HPV58	IgA2	0.0	2.17634614762424	0.0107350596014423	0.15	0.5192307692307693	1.899017945750043	0.06190705828236606	not_supported_after_floor_sensitivity
within|HPV58|IgA2|dose1	HPV58	IgA2	1.0	3.151005691198407	0.0096837156576655	0.3	0.08653846153846154	1.3913501583257635	0.3908080609011461	not_supported_after_floor_sensitivity
within|HPV58|IgA2|dose2	HPV58	IgA2	2.0	1.2663463789881335	0.1630167812231543	0.19047619047619047	0.35795454545454547	-0.5024859803441954	0.6346308036127454	continuous_result_not_fdr_significant
within|HPV58|IgA2|dose3	HPV58	IgA2	3.0	0.4554803152402348	0.6757514819959424	0.0	1.0	0.5175853809889783	0.7496270561192516	continuous_result_not_fdr_significant
primary_recall|HPV16|FcgR2B	HPV16	FcgR2B		7.450841925986464	2.870679964432437e-07	0.55	0.0005270047801480264	4.327251257430982	0.01632635836325104	sensitivity_supported
primary_recall|HPV16|IgA2	HPV16	IgA2		6.824279245516815	1.3487568654410862e-09	0.6333333333333333	2.6864747391543056e-05	6.831093120678676	0.017635642975384638	sensitivity_supported
primary_recall|HPV16|IgG2	HPV16	IgG2		0.1087753347888618	0.916452209149202	0.4166666666666667	0.008821189509190235	1.0603924529943862	0.5495950767665682	continuous_result_not_fdr_significant
primary_recall|HPV16|IgG4	HPV16	IgG4		-0.2406110089207356	0.6418778166885365	-0.6333333333333333	5.474379764732918e-05	1.5675297121602958	0.14733716245449993	continuous_result_not_fdr_significant
primary_recall|HPV16|nAb	HPV16	nAb		0.7833333333333332	0.2327512675030687	0.7333333333333333	4.72960582450065e-07	3.6610169491525424		continuous_result_not_fdr_significant
primary_recall|HPV18|IgA2	HPV18	IgA2		1.9222620437706857	0.1038603380357986	0.06666666666666671	0.8084293982683478	2.6664053208514837	0.016826555228143882	continuous_result_not_fdr_significant
primary_recall|HPV18|IgG4	HPV18	IgG4		-2.1631349070490384	0.0024998410633299	0.3666666666666667	0.008821189509190235	-3.039887367539569	0.0750841824810048	not_supported_after_floor_sensitivity
primary_recall|HPV18|nAb	HPV18	nAb		-1.5999999999999992	0.0162875260328608	0.7	3.624978034002951e-08	0.764705882352942		not_supported_after_floor_sensitivity
primary_recall|HPV31|FcgR2B	HPV31	FcgR2B		-1.389909436508021	0.1190987739821109	-0.06666666666666665	0.4693800785195085	-0.6682964094911641	0.3671738315620201	continuous_result_not_fdr_significant
primary_recall|HPV31|FcgR3A	HPV31	FcgR3A		-2.3545739119530085	0.0054248117728384	-0.04999999999999999	0.5507571390345908	-1.5659215199278567	0.05750800426450516	not_supported_after_floor_sensitivity
primary_recall|HPV31|IgA2	HPV31	IgA2		-1.0668465418550728	0.5115192755518064	0.050000000000000044	0.8098931718629644	-3.4444544092206	0.08822601561805808	continuous_result_not_fdr_significant
primary_recall|HPV31|IgG2	HPV31	IgG2		-3.3011736263236227	8.190579855302425e-05	-0.4	0.00015869369932101855	-1.609722670251796	0.14733716245449993	sensitivity_supported
primary_recall|HPV31|IgG4	HPV31	IgG4		-1.9112562890493576	1.0516180745587361e-07	-0.6166666666666667	1.071514227474536e-07	-1.650482376207857		sensitivity_supported
primary_recall|HPV33|FcgR2A	HPV33	FcgR2A		-3.598119126686508	0.0020501411704229	-0.16666666666666666	0.34613574027506594	-3.1073689869750463	0.02985949253033813	sensitivity_supported
primary_recall|HPV33|FcgR3A	HPV33	FcgR3A		-2.599807246673202	0.0004138378164814	-0.13333333333333333	0.34613574027506594	-2.3738139474934044	1.465223405372579e-07	sensitivity_supported
primary_recall|HPV33|IgA2	HPV33	IgA2		1.1978785541513453	0.2447153052690844	0.1	0.5398981544372932	1.3412107093419976	0.16176032868075058	continuous_result_not_fdr_significant
primary_recall|HPV33|IgG2	HPV33	IgG2		-0.3810991649035001	0.5827191711261906	0.01666666666666667	0.8284757927311968	-0.08264079354165887	0.9307179296223863	continuous_result_not_fdr_significant
primary_recall|HPV45|FcgR2A	HPV45	FcgR2A		-5.352268325614565	0.001680428421615	-0.21666666666666667	0.34613574027506594	-5.68719703516398	0.06198528295482012	not_supported_after_floor_sensitivity
primary_recall|HPV45|FcgR2B	HPV45	FcgR2B		-3.39049057715122	3.544805780232177e-07	-0.25	0.0032261157683352642	-2.256601635041706	0.0003855481203014699	sensitivity_supported
primary_recall|HPV45|FcgR3A	HPV45	FcgR3A		-4.128327982790433	1.8215430886530618e-07	-0.2333333333333333	0.14229764311410978	-2.3534320027641504	0.004215941745097171	sensitivity_supported
primary_recall|HPV45|IgA2	HPV45	IgA2		-1.5892634451425438	0.4460508598792063	-0.2	0.5134994417340066	-0.4873445521100876	0.30504694487715006	continuous_result_not_fdr_significant
primary_recall|HPV45|IgG2	HPV45	IgG2		-2.333326441050596	0.0056193704927202	-0.11666666666666665	0.29126152773414626	-2.469735049785979	0.14733716245449993	not_supported_after_floor_sensitivity
primary_recall|HPV52|FcgR2A	HPV52	FcgR2A		-4.952485693732462	0.0020501411704229	-0.18333333333333332	0.34613574027506594	-5.2526168335180685	0.11254381494081657	not_supported_after_floor_sensitivity
primary_recall|HPV52|FcgR2B	HPV52	FcgR2B		-3.5105548554391834	0.0033656766144813	-0.2	0.2875951171039384	-1.2634229009055886	0.3535993643571114	not_supported_after_floor_sensitivity
primary_recall|HPV52|FcgR3A	HPV52	FcgR3A		-4.496311698666956	4.423006808061737e-07	-0.26666666666666666	0.00013279872299063285	-2.995902638422934	0.0013190195584396477	sensitivity_supported
primary_recall|HPV52|IgA1	HPV52	IgA1		-0.1451382089615767	0.8482581062210871	-0.15	0.008179533590496292	0.6916777069480176	0.16176032868075058	continuous_result_not_fdr_significant
primary_recall|HPV52|IgA2	HPV52	IgA2		3.455037390481555	0.0005547385832198	0.23333333333333336	0.1973373237362963	3.4329120987116157	0.00893465545933442	sensitivity_supported
primary_recall|HPV52|IgG2	HPV52	IgG2		-2.5864099554143216	0.0008216190909372	-0.26666666666666666	0.008821189509190235	-1.4366371101048425	0.14733716245449993	sensitivity_supported
primary_recall|HPV58|FcgR2A	HPV58	FcgR2A		-3.7524106895643854	0.0067354972713308	0.11666666666666667	0.34613574027506594	-5.618483527101004	0.0003855481203014699	sensitivity_supported
primary_recall|HPV58|FcgR3A	HPV58	FcgR3A		-4.390816548503479	6.901337884177473e-09	-0.44999999999999996	0.00013279872299063285	-2.294522037994068	0.0003855481203014699	sensitivity_supported
primary_recall|HPV58|IgA2	HPV58	IgA2		0.5385542514195161	0.671988710390471	-0.016666666666666663	0.8942320620283215	1.5272864013528369	0.16176032868075058	continuous_result_not_fdr_significant
