matrix_type	variable_id	antigen_target	feature	antigen_class	assay_family	outcome_family	maximum_paired_floor_severity	available_participants	missing_participants	mean	standard_deviation	variance	evaluated_trajectories	raw_fdr_significant_trajectories	claim_ready_trajectories	qualified_trajectories	primary_claim_ready	recall_claim_ready_doses
bpv_calibrated_log2_change	HPV16__FcgR2A	HPV16	FcgR2A	vaccine_target_2vHPV_and_4vHPV	fc_gamma_receptor_binding	Fc-receptor engagement	low	80	0	-0.14467459313806463	4.874436185213442	23.76012812371817	4	2	0	2	no	
bpv_calibrated_log2_change	HPV16__FcgR2B	HPV16	FcgR2B	vaccine_target_2vHPV_and_4vHPV	fc_gamma_receptor_binding	Fc-receptor engagement	moderate	80	0	1.153867548352473	5.036424889873307	25.36557567133535	4	2	1	1	yes	
bpv_calibrated_log2_change	HPV16__FcgR3A	HPV16	FcgR3A	vaccine_target_2vHPV_and_4vHPV	fc_gamma_receptor_binding	Fc-receptor engagement	low	80	0	1.5459678300956718	3.9486327128487044	15.591700300978918	4	4	1	3	yes	
bpv_calibrated_log2_change	HPV16__IgA1	HPV16	IgA1	vaccine_target_2vHPV_and_4vHPV	antibody_isotype_or_subclass	Antibody abundance	none	80	0	1.7147238665833153	3.9141182558239374	15.320321720574222	4	3	1	2	yes	
bpv_calibrated_log2_change	HPV16__IgA2	HPV16	IgA2	vaccine_target_2vHPV_and_4vHPV	antibody_isotype_or_subclass	Antibody abundance	high	80	0	4.05842157267028	5.116650446172479	26.180111788317035	4	4	3	1	yes	1,3
bpv_calibrated_log2_change	HPV16__IgG	HPV16	IgG	vaccine_target_2vHPV_and_4vHPV	antibody_isotype_or_subclass	Antibody abundance	none	80	0	1.1628378604389038	3.6221981833144077	13.120319679206196	4	1	1	0	yes	
bpv_calibrated_log2_change	HPV16__IgG1	HPV16	IgG1	vaccine_target_2vHPV_and_4vHPV	antibody_isotype_or_subclass	IgG subclass architecture	none	80	0	1.3344993910633192	3.338582760318437	11.146134847495473	4	4	1	3	yes	
bpv_calibrated_log2_change	HPV16__IgG2	HPV16	IgG2	vaccine_target_2vHPV_and_4vHPV	antibody_isotype_or_subclass	IgG subclass architecture	moderate	80	0	0.9121703577844565	3.771179792403597	14.221797026633238	4	1	1	0	no	1
bpv_calibrated_log2_change	HPV16__IgG3	HPV16	IgG3	vaccine_target_2vHPV_and_4vHPV	antibody_isotype_or_subclass	IgG subclass architecture	none	80	0	3.0874506257670067	4.54226978403233	20.632214790933112	4	4	2	2	yes	3
bpv_calibrated_log2_change	HPV16__IgG4	HPV16	IgG4	vaccine_target_2vHPV_and_4vHPV	antibody_isotype_or_subclass	IgG subclass architecture	moderate	80	0	1.0973553612428122	2.6043811453873267	6.7828011504490044	4	1	1	0	no	1
bpv_calibrated_log2_change	HPV16__IgM	HPV16	IgM	vaccine_target_2vHPV_and_4vHPV	antibody_isotype_or_subclass	Antibody abundance	none	80	0	1.5642967690773275	2.239385756071537	5.01484856449609	4	2	2	0	yes	1
bpv_calibrated_log2_change	HPV18__FcgR2A	HPV18	FcgR2A	vaccine_target_2vHPV_and_4vHPV	fc_gamma_receptor_binding	Fc-receptor engagement	low	80	0	0.18047590555696608	4.3972593653348016	19.33588992602462	4	2	0	2	no	
bpv_calibrated_log2_change	HPV18__FcgR2B	HPV18	FcgR2B	vaccine_target_2vHPV_and_4vHPV	fc_gamma_receptor_binding	Fc-receptor engagement	none	80	0	0.7791347011513157	3.0122068184577757	9.073389917163516	4	3	1	2	yes	
bpv_calibrated_log2_change	HPV18__FcgR3A	HPV18	FcgR3A	vaccine_target_2vHPV_and_4vHPV	fc_gamma_receptor_binding	Fc-receptor engagement	low	80	0	1.6893120774746393	3.4624912250074935	11.988845483253892	4	3	1	2	yes	
bpv_calibrated_log2_change	HPV18__IgA1	HPV18	IgA1	vaccine_target_2vHPV_and_4vHPV	antibody_isotype_or_subclass	Antibody abundance	none	80	0	1.694133973022712	3.5398835899703793	12.53077583054158	4	4	1	3	yes	
bpv_calibrated_log2_change	HPV18__IgA2	HPV18	IgA2	vaccine_target_2vHPV_and_4vHPV	antibody_isotype_or_subclass	Antibody abundance	high	80	0	3.9024416993493376	5.029679009822105	25.297670941845066	4	4	2	2	yes	1
bpv_calibrated_log2_change	HPV18__IgG	HPV18	IgG	vaccine_target_2vHPV_and_4vHPV	antibody_isotype_or_subclass	Antibody abundance	none	80	0	1.5059493894607408	2.2355330203866117	4.997607885238886	4	4	2	2	yes	1
bpv_calibrated_log2_change	HPV18__IgG1	HPV18	IgG1	vaccine_target_2vHPV_and_4vHPV	antibody_isotype_or_subclass	IgG subclass architecture	none	80	0	1.6989872090686144	1.9592895231076335	3.8388154353593382	4	4	4	0	yes	1,2,3
bpv_calibrated_log2_change	HPV18__IgG2	HPV18	IgG2	vaccine_target_2vHPV_and_4vHPV	antibody_isotype_or_subclass	IgG subclass architecture	low	80	0	1.6029920625679057	3.679224786180651	13.536695027246056	4	2	1	1	no	1
bpv_calibrated_log2_change	HPV18__IgG3	HPV18	IgG3	vaccine_target_2vHPV_and_4vHPV	antibody_isotype_or_subclass	IgG subclass architecture	none	80	0	2.5719770956066155	3.6962695658162263	13.662408703179274	4	4	2	2	yes	2
bpv_calibrated_log2_change	HPV18__IgG4	HPV18	IgG4	vaccine_target_2vHPV_and_4vHPV	antibody_isotype_or_subclass	IgG subclass architecture	high	80	0	1.4736754337954214	3.507431996841279	12.302079212466001	4	3	1	2	no	1
bpv_calibrated_log2_change	HPV18__IgM	HPV18	IgM	vaccine_target_2vHPV_and_4vHPV	antibody_isotype_or_subclass	Antibody abundance	none	80	0	0.8442484462130843	1.0166612878619667	1.0336001742371528	4	4	3	1	yes	1,3
bpv_calibrated_log2_change	HPV31__FcgR2A	HPV31	FcgR2A	cross_reactive_non_booster_target	fc_gamma_receptor_binding	Fc-receptor engagement	low	80	0	1.373145877005253	4.719630646043174	22.274913435069905	4	3	2	1	no	1,2
bpv_calibrated_log2_change	HPV31__FcgR2B	HPV31	FcgR2B	cross_reactive_non_booster_target	fc_gamma_receptor_binding	Fc-receptor engagement	moderate	80	0	2.389503737437645	3.8253636331063214	14.633406925492395	4	4	3	1	yes	1,3
bpv_calibrated_log2_change	HPV31__FcgR3A	HPV31	FcgR3A	cross_reactive_non_booster_target	fc_gamma_receptor_binding	Fc-receptor engagement	moderate	80	0	2.9468620840856055	3.6025183369018885	12.978138367714347	4	4	4	0	yes	1,2,3
bpv_calibrated_log2_change	HPV31__IgA1	HPV31	IgA1	cross_reactive_non_booster_target	antibody_isotype_or_subclass	Antibody abundance	low	80	0	2.3891919810740325	3.583323168733614	12.840204931583106	4	4	3	1	no	1,2,3
bpv_calibrated_log2_change	HPV31__IgA2	HPV31	IgA2	cross_reactive_non_booster_target	antibody_isotype_or_subclass	Antibody abundance	high	80	0	3.8017340483429605	5.098777551206713	25.997532516689528	4	4	0	4	no	
bpv_calibrated_log2_change	HPV31__IgG	HPV31	IgG	cross_reactive_non_booster_target	antibody_isotype_or_subclass	Antibody abundance	none	80	0	2.664833776559127	2.3602068056002734	5.570576165201847	4	4	4	0	yes	1,2,3
bpv_calibrated_log2_change	HPV31__IgG1	HPV31	IgG1	cross_reactive_non_booster_target	antibody_isotype_or_subclass	IgG subclass architecture	none	80	0	2.4558328188959786	2.0942461351195885	4.385866874463333	4	4	4	0	yes	1,2,3
bpv_calibrated_log2_change	HPV31__IgG2	HPV31	IgG2	cross_reactive_non_booster_target	antibody_isotype_or_subclass	IgG subclass architecture	high	80	0	1.9431890368668328	4.102433603156445	16.82996146830717	4	2	2	0	no	1,2
bpv_calibrated_log2_change	HPV31__IgG3	HPV31	IgG3	cross_reactive_non_booster_target	antibody_isotype_or_subclass	IgG subclass architecture	none	80	0	4.117074468029806	3.5914107382783578	12.898231091021099	4	3	3	0	no	1,2,3
bpv_calibrated_log2_change	HPV31__IgG4	HPV31	IgG4	cross_reactive_non_booster_target	antibody_isotype_or_subclass	IgG subclass architecture	high	80	0	1.523912390117592	2.6371496101433083	6.954558066279003	4	3	3	0	no	1,2,3
bpv_calibrated_log2_change	HPV31__IgM	HPV31	IgM	cross_reactive_non_booster_target	antibody_isotype_or_subclass	Antibody abundance	none	80	0	1.3779624228830256	1.5919841571843363	2.534413556725921	4	4	3	1	yes	1,3
bpv_calibrated_log2_change	HPV33__FcgR2A	HPV33	FcgR2A	cross_reactive_non_booster_target	fc_gamma_receptor_binding	Fc-receptor engagement	moderate	80	0	1.6824276089214603	3.661912804414741	13.409605387136633	4	3	1	2	no	3
bpv_calibrated_log2_change	HPV33__FcgR2B	HPV33	FcgR2B	cross_reactive_non_booster_target	fc_gamma_receptor_binding	Fc-receptor engagement	none	80	0	0.41911288447930894	2.4525673534348735	6.015086623134541	4	4	0	4	no	
bpv_calibrated_log2_change	HPV33__FcgR3A	HPV33	FcgR3A	cross_reactive_non_booster_target	fc_gamma_receptor_binding	Fc-receptor engagement	high	80	0	1.782658506242899	2.8263497341237276	7.988252819581265	4	3	3	0	no	1,2,3
bpv_calibrated_log2_change	HPV33__IgA1	HPV33	IgA1	cross_reactive_non_booster_target	antibody_isotype_or_subclass	Antibody abundance	none	80	0	0.500795812463348	3.261322843437911	10.63622668912994	4	3	0	3	no	
bpv_calibrated_log2_change	HPV33__IgA2	HPV33	IgA2	cross_reactive_non_booster_target	antibody_isotype_or_subclass	Antibody abundance	high	80	0	1.1941108384135735	3.498805290562857	12.241638461270636	4	1	1	0	yes	
bpv_calibrated_log2_change	HPV33__IgG	HPV33	IgG	cross_reactive_non_booster_target	antibody_isotype_or_subclass	Antibody abundance	none	80	0	0.7543441419543881	1.2452331339552132	1.550605557899922	4	3	2	1	no	1,2
bpv_calibrated_log2_change	HPV33__IgG1	HPV33	IgG1	cross_reactive_non_booster_target	antibody_isotype_or_subclass	IgG subclass architecture	none	80	0	0.6769011615798991	0.9848051326322476	0.9698411492588188	4	3	3	0	no	1,2,3
bpv_calibrated_log2_change	HPV33__IgG2	HPV33	IgG2	cross_reactive_non_booster_target	antibody_isotype_or_subclass	IgG subclass architecture	high	80	0	0.32890556019875095	3.719725626747967	13.836358738285554	4	1	0	1	no	
bpv_calibrated_log2_change	HPV33__IgG3	HPV33	IgG3	cross_reactive_non_booster_target	antibody_isotype_or_subclass	IgG subclass architecture	none	80	0	0.6467413380783082	3.1315197600620803	9.80641600765927	4	2	1	1	no	2
bpv_calibrated_log2_change	HPV33__IgG4	HPV33	IgG4	cross_reactive_non_booster_target	antibody_isotype_or_subclass	IgG subclass architecture	none	80	0	0.2117457567590581	2.700292008316633	7.291576930178675	4	0	0	0	no	
bpv_calibrated_log2_change	HPV33__IgM	HPV33	IgM	cross_reactive_non_booster_target	antibody_isotype_or_subclass	Antibody abundance	none	80	0	0.1143355999508455	0.7600164878674122	0.5776250618303163	4	0	0	0	no	
bpv_calibrated_log2_change	HPV45__FcgR2A	HPV45	FcgR2A	cross_reactive_non_booster_target	fc_gamma_receptor_binding	Fc-receptor engagement	moderate	80	0	1.3868777314201537	4.640720767551165	21.536289242380672	4	3	2	1	no	2,3
bpv_calibrated_log2_change	HPV45__FcgR2B	HPV45	FcgR2B	cross_reactive_non_booster_target	fc_gamma_receptor_binding	Fc-receptor engagement	moderate	80	0	2.4927629952860535	3.5740923594081204	12.774136193579505	4	3	2	1	no	1,3
bpv_calibrated_log2_change	HPV45__FcgR3A	HPV45	FcgR3A	cross_reactive_non_booster_target	fc_gamma_receptor_binding	Fc-receptor engagement	high	80	0	3.5411085344821758	3.496326229988377	12.224297106504737	4	4	3	1	no	1,2,3
bpv_calibrated_log2_change	HPV45__IgA1	HPV45	IgA1	cross_reactive_non_booster_target	antibody_isotype_or_subclass	Antibody abundance	none	80	0	0.952290193429271	3.9823356493008077	15.858997223692086	4	4	0	4	no	
bpv_calibrated_log2_change	HPV45__IgA2	HPV45	IgA2	cross_reactive_non_booster_target	antibody_isotype_or_subclass	Antibody abundance	high	80	0	-0.6894043850210678	5.904371655391056	34.86160464498533	4	0	0	0	no	
bpv_calibrated_log2_change	HPV45__IgG	HPV45	IgG	cross_reactive_non_booster_target	antibody_isotype_or_subclass	Antibody abundance	none	80	0	2.573544262771385	1.978910572293153	3.916087053133614	4	4	4	0	yes	1,2,3
bpv_calibrated_log2_change	HPV45__IgG1	HPV45	IgG1	cross_reactive_non_booster_target	antibody_isotype_or_subclass	IgG subclass architecture	none	80	0	2.5775806814821145	1.788791232446488	3.199774073277426	4	4	4	0	yes	1,2,3
bpv_calibrated_log2_change	HPV45__IgG2	HPV45	IgG2	cross_reactive_non_booster_target	antibody_isotype_or_subclass	IgG subclass architecture	high	80	0	1.044811890968401	3.75553435896656	14.104038321378372	4	2	1	1	no	2
bpv_calibrated_log2_change	HPV45__IgG3	HPV45	IgG3	cross_reactive_non_booster_target	antibody_isotype_or_subclass	IgG subclass architecture	low	80	0	1.024405725605106	2.8460954395389244	8.100259250964262	4	2	0	2	no	
bpv_calibrated_log2_change	HPV45__IgG4	HPV45	IgG4	cross_reactive_non_booster_target	antibody_isotype_or_subclass	IgG subclass architecture	none	80	0	0.9114968576994105	2.7591906033169327	7.613132785432459	4	1	0	1	no	
bpv_calibrated_log2_change	HPV45__IgM	HPV45	IgM	cross_reactive_non_booster_target	antibody_isotype_or_subclass	Antibody abundance	none	80	0	0.534605574979955	1.3078091132792489	1.710364676776255	4	2	1	1	yes	
bpv_calibrated_log2_change	HPV52__FcgR2A	HPV52	FcgR2A	cross_reactive_non_booster_target	fc_gamma_receptor_binding	Fc-receptor engagement	high	80	0	2.067932360312753	4.3969556722500585	19.333219183731963	4	3	3	0	no	1,2,3
bpv_calibrated_log2_change	HPV52__FcgR2B	HPV52	FcgR2B	cross_reactive_non_booster_target	fc_gamma_receptor_binding	Fc-receptor engagement	high	80	0	2.414104580465617	4.264484104709425	18.185824679319346	4	3	2	1	no	1,3
bpv_calibrated_log2_change	HPV52__FcgR3A	HPV52	FcgR3A	cross_reactive_non_booster_target	fc_gamma_receptor_binding	Fc-receptor engagement	moderate	80	0	2.914421914435409	3.697928915244804	13.674678262203612	4	3	3	0	no	1,2,3
bpv_calibrated_log2_change	HPV52__IgA1	HPV52	IgA1	cross_reactive_non_booster_target	antibody_isotype_or_subclass	Antibody abundance	moderate	80	0	0.43472012135768656	3.5860949269332405	12.860076824976325	4	3	0	3	no	
bpv_calibrated_log2_change	HPV52__IgA2	HPV52	IgA2	cross_reactive_non_booster_target	antibody_isotype_or_subclass	Antibody abundance	high	80	0	0.5178559227400554	4.081874138501486	16.661696482567248	4	1	1	0	yes	
bpv_calibrated_log2_change	HPV52__IgG	HPV52	IgG	cross_reactive_non_booster_target	antibody_isotype_or_subclass	Antibody abundance	none	80	0	2.255308460916114	2.0197925078587757	4.079561774802443	4	3	3	0	no	1,2,3
bpv_calibrated_log2_change	HPV52__IgG1	HPV52	IgG1	cross_reactive_non_booster_target	antibody_isotype_or_subclass	IgG subclass architecture	none	80	0	2.0520138472043	2.0194790027059946	4.078295442370399	4	3	3	0	no	1,2,3
bpv_calibrated_log2_change	HPV52__IgG2	HPV52	IgG2	cross_reactive_non_booster_target	antibody_isotype_or_subclass	IgG subclass architecture	high	80	0	1.4582639755123017	3.792389452828392	14.38221776192403	4	2	2	0	no	1,2
bpv_calibrated_log2_change	HPV52__IgG3	HPV52	IgG3	cross_reactive_non_booster_target	antibody_isotype_or_subclass	IgG subclass architecture	low	80	0	2.5911624480945337	3.7139374534959466	13.793331408479956	4	3	3	0	no	1,2,3
bpv_calibrated_log2_change	HPV52__IgG4	HPV52	IgG4	cross_reactive_non_booster_target	antibody_isotype_or_subclass	IgG subclass architecture	none	80	0	1.0807024895438582	2.470432499701746	6.1030367355826165	4	2	1	1	no	2
bpv_calibrated_log2_change	HPV52__IgM	HPV52	IgM	cross_reactive_non_booster_target	antibody_isotype_or_subclass	Antibody abundance	none	80	0	0.1372578352462601	1.0588701119477244	1.1212059139761863	4	0	0	0	no	
bpv_calibrated_log2_change	HPV58__FcgR2A	HPV58	FcgR2A	cross_reactive_non_booster_target	fc_gamma_receptor_binding	Fc-receptor engagement	moderate	80	0	2.205889403609751	4.163087224679469	17.331295240289403	4	3	3	0	no	1,2,3
bpv_calibrated_log2_change	HPV58__FcgR2B	HPV58	FcgR2B	cross_reactive_non_booster_target	fc_gamma_receptor_binding	Fc-receptor engagement	low	80	0	1.7330244547683775	3.012649129996691	9.076054780469818	4	3	2	1	no	1,3
bpv_calibrated_log2_change	HPV58__FcgR3A	HPV58	FcgR3A	cross_reactive_non_booster_target	fc_gamma_receptor_binding	Fc-receptor engagement	high	80	0	3.2912190758050306	3.476764994077873	12.087894824045314	4	3	3	0	no	1,2,3
bpv_calibrated_log2_change	HPV58__IgA1	HPV58	IgA1	cross_reactive_non_booster_target	antibody_isotype_or_subclass	Antibody abundance	none	80	0	0.26268905006863463	2.719404163479688	7.395159004350662	4	4	0	4	no	
bpv_calibrated_log2_change	HPV58__IgA2	HPV58	IgA2	cross_reactive_non_booster_target	antibody_isotype_or_subclass	Antibody abundance	high	80	0	1.309919149840137	4.70410277990704	22.128582963929144	4	2	0	2	no	
bpv_calibrated_log2_change	HPV58__IgG	HPV58	IgG	cross_reactive_non_booster_target	antibody_isotype_or_subclass	Antibody abundance	none	80	0	2.0195147027927	1.7358898268063458	3.0133134908097654	4	4	4	0	yes	1,2,3
bpv_calibrated_log2_change	HPV58__IgG1	HPV58	IgG1	cross_reactive_non_booster_target	antibody_isotype_or_subclass	IgG subclass architecture	none	80	0	1.9737009955445068	1.5759934615620197	2.4837553908862375	4	4	3	1	no	1,2,3
bpv_calibrated_log2_change	HPV58__IgG2	HPV58	IgG2	cross_reactive_non_booster_target	antibody_isotype_or_subclass	IgG subclass architecture	none	80	0	0.8454128913757073	3.796106803973139	14.41042686717116	4	2	1	1	no	1
bpv_calibrated_log2_change	HPV58__IgG3	HPV58	IgG3	cross_reactive_non_booster_target	antibody_isotype_or_subclass	IgG subclass architecture	low	80	0	2.3038602892513986	2.704301722469611	7.313247806152105	4	3	2	1	no	1,2
bpv_calibrated_log2_change	HPV58__IgG4	HPV58	IgG4	cross_reactive_non_booster_target	antibody_isotype_or_subclass	IgG subclass architecture	none	80	0	1.0557723956959395	2.521593113212084	6.35843182859861	4	2	2	0	no	2,3
bpv_calibrated_log2_change	HPV58__IgM	HPV58	IgM	cross_reactive_non_booster_target	antibody_isotype_or_subclass	Antibody abundance	none	80	0	0.07020896487174225	0.8889760416498974	0.7902784026275201	4	0	0	0	no	
raw_log2_change	BPV__FcgR2A	BPV	FcgR2A	heterologous_control_antigen	fc_gamma_receptor_binding	Fc-receptor engagement	moderate	80	0	0.47504530768756403	2.2678755565698823	5.143259540087153	4	1	0	0	no	
raw_log2_change	BPV__FcgR2B	BPV	FcgR2B	heterologous_control_antigen	fc_gamma_receptor_binding	Fc-receptor engagement	high	80	0	0.9865307470921634	2.2893990974758958	5.241348227523446	4	1	0	0	no	
raw_log2_change	BPV__FcgR3A	BPV	FcgR3A	heterologous_control_antigen	fc_gamma_receptor_binding	Fc-receptor engagement	high	80	0	0.8351046792911344	1.6231998959802005	2.634777902310134	4	2	0	0	no	
raw_log2_change	BPV__IgA1	BPV	IgA1	heterologous_control_antigen	antibody_isotype_or_subclass	Antibody abundance	low	80	0	0.7454871992773393	2.4819877746332955	6.160263313429138	4	1	0	0	no	
raw_log2_change	BPV__IgA2	BPV	IgA2	heterologous_control_antigen	antibody_isotype_or_subclass	Antibody abundance	high	80	0	0.46251130921946526	2.4662938297601062	6.082605254712771	4	0	0	0	no	
raw_log2_change	BPV__IgG	BPV	IgG	heterologous_control_antigen	antibody_isotype_or_subclass	Antibody abundance	none	80	0	0.6980140838522869	1.2044369045910628	1.4506682571409006	4	2	0	0	no	
raw_log2_change	BPV__IgG1	BPV	IgG1	heterologous_control_antigen	antibody_isotype_or_subclass	IgG subclass architecture	none	80	0	0.6731724826348314	0.9295025586821407	0.8639750065966464	4	2	0	0	no	
raw_log2_change	BPV__IgG2	BPV	IgG2	heterologous_control_antigen	antibody_isotype_or_subclass	IgG subclass architecture	high	80	0	0.29746172481502614	2.0850467407090143	4.347419910941283	4	0	0	0	no	
raw_log2_change	BPV__IgG3	BPV	IgG3	heterologous_control_antigen	antibody_isotype_or_subclass	IgG subclass architecture	low	80	0	0.832364606372684	3.3303210750961805	11.09103846322978	4	1	0	0	no	
raw_log2_change	BPV__IgG4	BPV	IgG4	heterologous_control_antigen	antibody_isotype_or_subclass	IgG subclass architecture	high	80	0	-0.09752478929230342	1.5415207363442258	2.376286180579244	4	0	0	0	no	
raw_log2_change	BPV__IgM	BPV	IgM	heterologous_control_antigen	antibody_isotype_or_subclass	Antibody abundance	none	80	0	0.03298223009519498	0.7814221276143163	0.6106205415252849	4	0	0	0	no	
raw_log2_change	HPV16__ADCP	HPV16	ADCP	vaccine_target_2vHPV_and_4vHPV	antibody_dependent_cellular_phagocytosis	Phagocytic function	none	80	0	1.464179712648747	0.9178047469945371	0.8423655536057062	4	4	4	0	yes	1,2,3
raw_log2_change	HPV16__FcgR2A	HPV16	FcgR2A	vaccine_target_2vHPV_and_4vHPV	fc_gamma_receptor_binding	Fc-receptor engagement	low	80	0	0.33037071454949923	4.980766943050938	24.808039340988987	4	2	0	2	no	
raw_log2_change	HPV16__FcgR2B	HPV16	FcgR2B	vaccine_target_2vHPV_and_4vHPV	fc_gamma_receptor_binding	Fc-receptor engagement	moderate	80	0	2.140398295444636	3.9945286503513384	15.956259138477686	4	2	1	1	yes	
raw_log2_change	HPV16__FcgR3A	HPV16	FcgR3A	vaccine_target_2vHPV_and_4vHPV	fc_gamma_receptor_binding	Fc-receptor engagement	low	80	0	2.3810725093868057	3.401134316854131	11.567714641282814	4	4	1	3	yes	
raw_log2_change	HPV16__IgA1	HPV16	IgA1	vaccine_target_2vHPV_and_4vHPV	antibody_isotype_or_subclass	Antibody abundance	none	80	0	2.460211065860655	2.958712735427978	8.753981050783707	4	3	1	2	yes	
raw_log2_change	HPV16__IgA2	HPV16	IgA2	vaccine_target_2vHPV_and_4vHPV	antibody_isotype_or_subclass	Antibody abundance	high	80	0	4.5209328818897445	4.514913549562749	20.384444360025306	4	4	3	1	yes	1,3
raw_log2_change	HPV16__IgG	HPV16	IgG	vaccine_target_2vHPV_and_4vHPV	antibody_isotype_or_subclass	Antibody abundance	none	80	0	1.8608519442911908	3.0538592412397683	9.326056265305533	4	1	1	0	yes	
raw_log2_change	HPV16__IgG1	HPV16	IgG1	vaccine_target_2vHPV_and_4vHPV	antibody_isotype_or_subclass	IgG subclass architecture	none	80	0	2.0076718736981505	2.9537815914009324	8.724825689699024	4	4	1	3	yes	
raw_log2_change	HPV16__IgG2	HPV16	IgG2	vaccine_target_2vHPV_and_4vHPV	antibody_isotype_or_subclass	IgG subclass architecture	moderate	80	0	1.2096320825994824	3.158324869476541	9.97501598115401	4	1	1	0	no	1
raw_log2_change	HPV16__IgG3	HPV16	IgG3	vaccine_target_2vHPV_and_4vHPV	antibody_isotype_or_subclass	IgG subclass architecture	none	80	0	3.9198152321396904	3.0977878377788564	9.596289487890601	4	4	2	2	yes	3
raw_log2_change	HPV16__IgG4	HPV16	IgG4	vaccine_target_2vHPV_and_4vHPV	antibody_isotype_or_subclass	IgG subclass architecture	moderate	80	0	0.9998305719505087	2.452333985192579	6.013941974930517	4	1	1	0	no	1
raw_log2_change	HPV16__IgM	HPV16	IgM	vaccine_target_2vHPV_and_4vHPV	antibody_isotype_or_subclass	Antibody abundance	none	80	0	1.5972789991725227	2.2359797850077214	4.999605598963176	4	2	2	0	yes	1
raw_log2_change	HPV16__nAb	HPV16	nAb	vaccine_target_2vHPV_and_4vHPV	neutralizing_antibody	Neutralization	moderate	80	0	4.5125	2.3706739414581794	5.620094936708861	4	4	4	0	yes	1,2,3
raw_log2_change	HPV18__ADCP	HPV18	ADCP	vaccine_target_2vHPV_and_4vHPV	antibody_dependent_cellular_phagocytosis	Phagocytic function	none	80	0	0.6730919261087447	0.42429782004934175	0.1800286400986236	4	4	4	0	yes	1,2,3
raw_log2_change	HPV18__FcgR2A	HPV18	FcgR2A	vaccine_target_2vHPV_and_4vHPV	fc_gamma_receptor_binding	Fc-receptor engagement	low	80	0	0.6555212132445302	4.573885619751271	20.920429662567475	4	2	0	2	no	
raw_log2_change	HPV18__FcgR2B	HPV18	FcgR2B	vaccine_target_2vHPV_and_4vHPV	fc_gamma_receptor_binding	Fc-receptor engagement	none	80	0	1.7656654482434793	2.1525730975043427	4.63357094009944	4	3	1	2	yes	
raw_log2_change	HPV18__FcgR3A	HPV18	FcgR3A	vaccine_target_2vHPV_and_4vHPV	fc_gamma_receptor_binding	Fc-receptor engagement	low	80	0	2.524416756765773	3.1896548978920203	10.173898367646554	4	3	1	2	yes	
raw_log2_change	HPV18__IgA1	HPV18	IgA1	vaccine_target_2vHPV_and_4vHPV	antibody_isotype_or_subclass	Antibody abundance	none	80	0	2.4396211723000514	2.0281274683893566	4.11330102803542	4	4	1	3	yes	
raw_log2_change	HPV18__IgA2	HPV18	IgA2	vaccine_target_2vHPV_and_4vHPV	antibody_isotype_or_subclass	Antibody abundance	high	80	0	4.364953008568802	4.126559278499628	17.02849147897137	4	4	2	2	yes	1
raw_log2_change	HPV18__IgG	HPV18	IgG	vaccine_target_2vHPV_and_4vHPV	antibody_isotype_or_subclass	Antibody abundance	none	80	0	2.2039634733130278	1.93754679657358	3.754087588912542	4	4	2	2	yes	1
raw_log2_change	HPV18__IgG1	HPV18	IgG1	vaccine_target_2vHPV_and_4vHPV	antibody_isotype_or_subclass	IgG subclass architecture	none	80	0	2.3721596917034455	1.6842309351617266	2.836633842955744	4	4	4	0	yes	1,2,3
raw_log2_change	HPV18__IgG2	HPV18	IgG2	vaccine_target_2vHPV_and_4vHPV	antibody_isotype_or_subclass	IgG subclass architecture	low	80	0	1.9004537873829317	2.8141069905398797	7.919198154205419	4	2	1	1	no	1
raw_log2_change	HPV18__IgG3	HPV18	IgG3	vaccine_target_2vHPV_and_4vHPV	antibody_isotype_or_subclass	IgG subclass architecture	none	80	0	3.4043417019792996	2.5101876031735895	6.30104180312637	4	4	2	2	yes	2
raw_log2_change	HPV18__IgG4	HPV18	IgG4	vaccine_target_2vHPV_and_4vHPV	antibody_isotype_or_subclass	IgG subclass architecture	high	80	0	1.376150644503118	3.060277340532652	9.365297400977601	4	3	1	2	no	1
raw_log2_change	HPV18__IgM	HPV18	IgM	vaccine_target_2vHPV_and_4vHPV	antibody_isotype_or_subclass	Antibody abundance	none	80	0	0.8772306763082792	0.9789362203635353	0.9583161235396442	4	4	3	1	yes	1,3
raw_log2_change	HPV18__nAb	HPV18	nAb	vaccine_target_2vHPV_and_4vHPV	neutralizing_antibody	Neutralization	high	80	0	5.1	2.0037938699920512	4.015189873417721	4	4	4	0	yes	1,2,3
raw_log2_change	HPV31__FcgR2A	HPV31	FcgR2A	cross_reactive_non_booster_target	fc_gamma_receptor_binding	Fc-receptor engagement	low	80	0	1.8481911846928167	5.103557856872056	26.046302798440493	4	3	2	1	no	1,2
raw_log2_change	HPV31__FcgR2B	HPV31	FcgR2B	cross_reactive_non_booster_target	fc_gamma_receptor_binding	Fc-receptor engagement	moderate	80	0	3.3760344845298085	3.355731760408815	11.260935647816444	4	4	3	1	yes	1,3
raw_log2_change	HPV31__FcgR3A	HPV31	FcgR3A	cross_reactive_non_booster_target	fc_gamma_receptor_binding	Fc-receptor engagement	moderate	80	0	3.7819667633767393	3.2542200236848875	10.58994796255167	4	4	4	0	yes	1,2,3
raw_log2_change	HPV31__IgA1	HPV31	IgA1	cross_reactive_non_booster_target	antibody_isotype_or_subclass	Antibody abundance	low	80	0	3.134679180351372	2.5475373997011017	6.48994680287585	4	4	3	1	no	1,2,3
raw_log2_change	HPV31__IgA2	HPV31	IgA2	cross_reactive_non_booster_target	antibody_isotype_or_subclass	Antibody abundance	high	80	0	4.264245357562426	4.72485653192742	22.324269247297206	4	4	0	4	no	
raw_log2_change	HPV31__IgG	HPV31	IgG	cross_reactive_non_booster_target	antibody_isotype_or_subclass	Antibody abundance	none	80	0	3.362847860411415	2.3975310030263635	5.7481549104726	4	4	4	0	yes	1,2,3
raw_log2_change	HPV31__IgG1	HPV31	IgG1	cross_reactive_non_booster_target	antibody_isotype_or_subclass	IgG subclass architecture	none	80	0	3.12900530153081	2.2913993445686933	5.250510956289837	4	4	4	0	yes	1,2,3
raw_log2_change	HPV31__IgG2	HPV31	IgG2	cross_reactive_non_booster_target	antibody_isotype_or_subclass	IgG subclass architecture	high	80	0	2.2406507616818594	3.394206811355909	11.52063987825485	4	2	2	0	no	1,2
raw_log2_change	HPV31__IgG3	HPV31	IgG3	cross_reactive_non_booster_target	antibody_isotype_or_subclass	IgG subclass architecture	none	80	0	4.949439074402489	4.354438931867142	18.961138411360256	4	3	3	0	no	1,2,3
raw_log2_change	HPV31__IgG4	HPV31	IgG4	cross_reactive_non_booster_target	antibody_isotype_or_subclass	IgG subclass architecture	high	80	0	1.4263876008252883	2.0414411034746727	4.16748177895589	4	3	3	0	no	1,2,3
raw_log2_change	HPV31__IgM	HPV31	IgM	cross_reactive_non_booster_target	antibody_isotype_or_subclass	Antibody abundance	none	80	0	1.4109446529782206	1.5976998013313743	2.5526446551743134	4	4	3	1	yes	1,3
raw_log2_change	HPV33__FcgR2A	HPV33	FcgR2A	cross_reactive_non_booster_target	fc_gamma_receptor_binding	Fc-receptor engagement	moderate	80	0	2.1574729166090245	4.046140332531476	16.371251590537927	4	3	1	2	no	3
raw_log2_change	HPV33__FcgR2B	HPV33	FcgR2B	cross_reactive_non_booster_target	fc_gamma_receptor_binding	Fc-receptor engagement	none	80	0	1.4056436315714724	1.670453397922535	2.7904145546309436	4	4	0	4	no	
raw_log2_change	HPV33__FcgR3A	HPV33	FcgR3A	cross_reactive_non_booster_target	fc_gamma_receptor_binding	Fc-receptor engagement	high	80	0	2.617763185534033	2.6507216593862424	7.0263253155393555	4	3	3	0	no	1,2,3
raw_log2_change	HPV33__IgA1	HPV33	IgA1	cross_reactive_non_booster_target	antibody_isotype_or_subclass	Antibody abundance	none	80	0	1.2462830117406871	2.294740785188044	5.2658352712054395	4	3	0	3	no	
raw_log2_change	HPV33__IgA2	HPV33	IgA2	cross_reactive_non_booster_target	antibody_isotype_or_subclass	Antibody abundance	high	80	0	1.6566221476330392	2.954872941258051	8.731274098979005	4	1	1	0	yes	
raw_log2_change	HPV33__IgG	HPV33	IgG	cross_reactive_non_booster_target	antibody_isotype_or_subclass	Antibody abundance	none	80	0	1.4523582258066754	1.467715856569096	2.154189835624355	4	3	2	1	no	1,2
raw_log2_change	HPV33__IgG1	HPV33	IgG1	cross_reactive_non_booster_target	antibody_isotype_or_subclass	IgG subclass architecture	none	80	0	1.3500736442147308	1.1838743365999074	1.4015584448598706	4	3	3	0	no	1,2,3
raw_log2_change	HPV33__IgG2	HPV33	IgG2	cross_reactive_non_booster_target	antibody_isotype_or_subclass	IgG subclass architecture	high	80	0	0.626367285013777	2.7507413743897886	7.566578108779824	4	1	0	1	no	
raw_log2_change	HPV33__IgG3	HPV33	IgG3	cross_reactive_non_booster_target	antibody_isotype_or_subclass	IgG subclass architecture	none	80	0	1.4791059444509922	2.5515291577474266	6.510301042835293	4	2	1	1	no	2
raw_log2_change	HPV33__IgG4	HPV33	IgG4	cross_reactive_non_booster_target	antibody_isotype_or_subclass	IgG subclass architecture	none	80	0	0.11422096746675477	2.108373884967887	4.44524043881458	4	0	0	0	no	
raw_log2_change	HPV33__IgM	HPV33	IgM	cross_reactive_non_booster_target	antibody_isotype_or_subclass	Antibody abundance	none	80	0	0.14731783004604046	0.49711639765099863	0.24712471281350581	4	0	0	0	no	
raw_log2_change	HPV45__FcgR2A	HPV45	FcgR2A	cross_reactive_non_booster_target	fc_gamma_receptor_binding	Fc-receptor engagement	moderate	80	0	1.8619230391077177	5.156484171588945	26.58932901184733	4	3	2	1	no	2,3
raw_log2_change	HPV45__FcgR2B	HPV45	FcgR2B	cross_reactive_non_booster_target	fc_gamma_receptor_binding	Fc-receptor engagement	moderate	80	0	3.479293742378217	2.9616617708016264	8.771440444627824	4	3	2	1	no	1,3
raw_log2_change	HPV45__FcgR3A	HPV45	FcgR3A	cross_reactive_non_booster_target	fc_gamma_receptor_binding	Fc-receptor engagement	high	80	0	4.37621321377331	3.359114535793516	11.283650464579289	4	4	3	1	no	1,2,3
raw_log2_change	HPV45__IgA1	HPV45	IgA1	cross_reactive_non_booster_target	antibody_isotype_or_subclass	Antibody abundance	none	80	0	1.6977773927066102	2.466048627857549	6.0813958349581	4	4	0	4	no	
raw_log2_change	HPV45__IgA2	HPV45	IgA2	cross_reactive_non_booster_target	antibody_isotype_or_subclass	Antibody abundance	high	80	0	-0.22689307580160262	5.670710257914261	32.15695482921402	4	0	0	0	no	
raw_log2_change	HPV45__IgG	HPV45	IgG	cross_reactive_non_booster_target	antibody_isotype_or_subclass	Antibody abundance	none	80	0	3.271558346623672	2.1756518185940243	4.733460835751485	4	4	4	0	yes	1,2,3
raw_log2_change	HPV45__IgG1	HPV45	IgG1	cross_reactive_non_booster_target	antibody_isotype_or_subclass	IgG subclass architecture	none	80	0	3.250753164116946	2.0549964654013686	4.223010472812118	4	4	4	0	yes	1,2,3
raw_log2_change	HPV45__IgG2	HPV45	IgG2	cross_reactive_non_booster_target	antibody_isotype_or_subclass	IgG subclass architecture	high	80	0	1.3422736157834272	3.126384359364129	9.774279162476654	4	2	1	1	no	2
raw_log2_change	HPV45__IgG3	HPV45	IgG3	cross_reactive_non_booster_target	antibody_isotype_or_subclass	IgG subclass architecture	low	80	0	1.8567703319777897	2.9960580944908104	8.976364105563906	4	2	0	2	no	
raw_log2_change	HPV45__IgG4	HPV45	IgG4	cross_reactive_non_booster_target	antibody_isotype_or_subclass	IgG subclass architecture	none	80	0	0.813972068407107	2.1560253504606117	4.648445311828804	4	1	0	1	no	
raw_log2_change	HPV45__IgM	HPV45	IgM	cross_reactive_non_booster_target	antibody_isotype_or_subclass	Antibody abundance	none	80	0	0.5675878050751499	1.2781925781814774	1.6337762669182123	4	2	1	1	yes	
raw_log2_change	HPV52__FcgR2A	HPV52	FcgR2A	cross_reactive_non_booster_target	fc_gamma_receptor_binding	Fc-receptor engagement	high	80	0	2.542977668000317	5.102160274311103	26.03203946475835	4	3	3	0	no	1,2,3
raw_log2_change	HPV52__FcgR2B	HPV52	FcgR2B	cross_reactive_non_booster_target	fc_gamma_receptor_binding	Fc-receptor engagement	high	80	0	3.4006353275577808	3.984582483547917	15.876897568196886	4	3	2	1	no	1,3
raw_log2_change	HPV52__FcgR3A	HPV52	FcgR3A	cross_reactive_non_booster_target	fc_gamma_receptor_binding	Fc-receptor engagement	moderate	80	0	3.749526593726543	3.5796453948035296	12.813861152538117	4	3	3	0	no	1,2,3
raw_log2_change	HPV52__IgA1	HPV52	IgA1	cross_reactive_non_booster_target	antibody_isotype_or_subclass	Antibody abundance	moderate	80	0	1.1802073206350259	2.520485571159514	6.352847514423303	4	3	0	3	no	
raw_log2_change	HPV52__IgA2	HPV52	IgA2	cross_reactive_non_booster_target	antibody_isotype_or_subclass	Antibody abundance	high	80	0	0.9803672319595206	3.616841518102038	13.081542567066657	4	1	1	0	yes	
raw_log2_change	HPV52__IgG	HPV52	IgG	cross_reactive_non_booster_target	antibody_isotype_or_subclass	Antibody abundance	none	80	0	2.9533225447684006	2.3836877468551236	5.681967274507256	4	3	3	0	no	1,2,3
raw_log2_change	HPV52__IgG1	HPV52	IgG1	cross_reactive_non_booster_target	antibody_isotype_or_subclass	IgG subclass architecture	none	80	0	2.7251863298391314	2.256127702529946	5.090112210123053	4	3	3	0	no	1,2,3
raw_log2_change	HPV52__IgG2	HPV52	IgG2	cross_reactive_non_booster_target	antibody_isotype_or_subclass	IgG subclass architecture	high	80	0	1.7557257003273279	3.1112918671033327	9.680137082303343	4	2	2	0	no	1,2
raw_log2_change	HPV52__IgG3	HPV52	IgG3	cross_reactive_non_booster_target	antibody_isotype_or_subclass	IgG subclass architecture	low	80	0	3.4235270544672174	4.314870512343967	18.61810753829549	4	3	3	0	no	1,2,3
raw_log2_change	HPV52__IgG4	HPV52	IgG4	cross_reactive_non_booster_target	antibody_isotype_or_subclass	IgG subclass architecture	none	80	0	0.9831777002515547	2.0970748197743387	4.397722799731575	4	2	1	1	no	2
raw_log2_change	HPV52__IgM	HPV52	IgM	cross_reactive_non_booster_target	antibody_isotype_or_subclass	Antibody abundance	none	80	0	0.17024006534145508	1.0628922930286768	1.1297400265797588	4	0	0	0	no	
raw_log2_change	HPV58__FcgR2A	HPV58	FcgR2A	cross_reactive_non_booster_target	fc_gamma_receptor_binding	Fc-receptor engagement	moderate	80	0	2.680934711297315	4.506554628711003	20.309034621556563	4	3	3	0	no	1,2,3
raw_log2_change	HPV58__FcgR2B	HPV58	FcgR2B	cross_reactive_non_booster_target	fc_gamma_receptor_binding	Fc-receptor engagement	low	80	0	2.7195552018605413	2.6545616196523913	7.046697392531528	4	3	2	1	no	1,3
raw_log2_change	HPV58__FcgR3A	HPV58	FcgR3A	cross_reactive_non_booster_target	fc_gamma_receptor_binding	Fc-receptor engagement	high	80	0	4.126323755096165	3.3848561281279785	11.457251008125532	4	3	3	0	no	1,2,3
raw_log2_change	HPV58__IgA1	HPV58	IgA1	cross_reactive_non_booster_target	antibody_isotype_or_subclass	Antibody abundance	none	80	0	1.0081762493459738	1.3017900714210877	1.6946573900505204	4	4	0	4	no	
raw_log2_change	HPV58__IgA2	HPV58	IgA2	cross_reactive_non_booster_target	antibody_isotype_or_subclass	Antibody abundance	high	80	0	1.7724304590596023	3.944431227603794	15.55853770929597	4	2	0	2	no	
raw_log2_change	HPV58__IgG	HPV58	IgG	cross_reactive_non_booster_target	antibody_isotype_or_subclass	Antibody abundance	none	80	0	2.7175287866449866	1.9668887892710099	3.868651509359979	4	4	4	0	yes	1,2,3
raw_log2_change	HPV58__IgG1	HPV58	IgG1	cross_reactive_non_booster_target	antibody_isotype_or_subclass	IgG subclass architecture	none	80	0	2.646873478179338	1.8594542340187667	3.4575700484103185	4	4	3	1	no	1,2,3
raw_log2_change	HPV58__IgG2	HPV58	IgG2	cross_reactive_non_booster_target	antibody_isotype_or_subclass	IgG subclass architecture	none	80	0	1.1428746161907335	2.723133623001884	7.415456728723369	4	2	1	1	no	1
raw_log2_change	HPV58__IgG3	HPV58	IgG3	cross_reactive_non_booster_target	antibody_isotype_or_subclass	IgG subclass architecture	low	80	0	3.136224895624083	3.716913984657391	13.815449569341684	4	3	2	1	no	1,2
raw_log2_change	HPV58__IgG4	HPV58	IgG4	cross_reactive_non_booster_target	antibody_isotype_or_subclass	IgG subclass architecture	none	80	0	0.958247606403636	2.005253043353206	4.021039767877294	4	2	2	0	no	2,3
raw_log2_change	HPV58__IgM	HPV58	IgM	cross_reactive_non_booster_target	antibody_isotype_or_subclass	Antibody abundance	none	80	0	0.10319119496693722	0.6961204508734267	0.4845836821242228	4	0	0	0	no	
