antigen_target	antigen_class	visit	feature	assay_family	minimum	minimum_count	minimum_fraction	floor_severity	discrete_titer_or_ordinal_assay
BPV	heterologous_control_antigen	v1	FcgR2A	fc_gamma_receptor_binding	1.0	17	0.2125	moderate	no
BPV	heterologous_control_antigen	v2	FcgR2A	fc_gamma_receptor_binding	1.0	20	0.25	moderate	no
BPV	heterologous_control_antigen	v1	FcgR2B	fc_gamma_receptor_binding	1.0	60	0.75	high	no
BPV	heterologous_control_antigen	v2	FcgR2B	fc_gamma_receptor_binding	1.0	47	0.5875	high	no
BPV	heterologous_control_antigen	v1	FcgR3A	fc_gamma_receptor_binding	1.0	31	0.3875	high	no
BPV	heterologous_control_antigen	v2	FcgR3A	fc_gamma_receptor_binding	1.0	24	0.3	high	no
BPV	heterologous_control_antigen	v1	IgA1	antibody_isotype_or_subclass	1.0	7	0.0875	low	no
BPV	heterologous_control_antigen	v2	IgA1	antibody_isotype_or_subclass	1.0	4	0.05	low	no
BPV	heterologous_control_antigen	v1	IgA2	antibody_isotype_or_subclass	0.7999999999999972	1	0.0125	none	no
BPV	heterologous_control_antigen	v2	IgA2	antibody_isotype_or_subclass	1.0	31	0.3875	high	no
BPV	heterologous_control_antigen	v1	IgG	antibody_isotype_or_subclass	43.0	1	0.0125	none	no
BPV	heterologous_control_antigen	v2	IgG	antibody_isotype_or_subclass	77.7	1	0.0125	none	no
BPV	heterologous_control_antigen	v1	IgG1	antibody_isotype_or_subclass	14.3	1	0.0125	none	no
BPV	heterologous_control_antigen	v2	IgG1	antibody_isotype_or_subclass	58.0	1	0.0125	none	no
BPV	heterologous_control_antigen	v1	IgG2	antibody_isotype_or_subclass	1.0	36	0.45	high	no
BPV	heterologous_control_antigen	v2	IgG2	antibody_isotype_or_subclass	1.0	31	0.3875	high	no
BPV	heterologous_control_antigen	v1	IgG3	antibody_isotype_or_subclass	1.0	5	0.0625	low	no
BPV	heterologous_control_antigen	v2	IgG3	antibody_isotype_or_subclass	1.0	2	0.025	none	no
BPV	heterologous_control_antigen	v1	IgG4	antibody_isotype_or_subclass	1.0	55	0.6875	high	no
BPV	heterologous_control_antigen	v2	IgG4	antibody_isotype_or_subclass	0.5	1	0.0125	none	no
BPV	heterologous_control_antigen	v1	IgM	antibody_isotype_or_subclass	93.5	1	0.0125	none	no
BPV	heterologous_control_antigen	v2	IgM	antibody_isotype_or_subclass	96.0	1	0.0125	none	no
HPV16	vaccine_target_2vHPV_and_4vHPV	v1	ADCP	antibody_dependent_cellular_phagocytosis	10.12814	1	0.0125	none	no
HPV16	vaccine_target_2vHPV_and_4vHPV	v2	ADCP	antibody_dependent_cellular_phagocytosis	18.33275375	1	0.0125	none	no
HPV16	vaccine_target_2vHPV_and_4vHPV	v1	FcgR2A	fc_gamma_receptor_binding	1.0	4	0.05	low	no
HPV16	vaccine_target_2vHPV_and_4vHPV	v2	FcgR2A	fc_gamma_receptor_binding	1.0	6	0.075	low	no
HPV16	vaccine_target_2vHPV_and_4vHPV	v1	FcgR2B	fc_gamma_receptor_binding	1.0	12	0.15	moderate	no
HPV16	vaccine_target_2vHPV_and_4vHPV	v2	FcgR2B	fc_gamma_receptor_binding	21.0	1	0.0125	none	no
HPV16	vaccine_target_2vHPV_and_4vHPV	v1	FcgR3A	fc_gamma_receptor_binding	1.0	6	0.075	low	no
HPV16	vaccine_target_2vHPV_and_4vHPV	v2	FcgR3A	fc_gamma_receptor_binding	179.3	1	0.0125	none	no
HPV16	vaccine_target_2vHPV_and_4vHPV	v1	IgA1	antibody_isotype_or_subclass	1.0	1	0.0125	none	no
HPV16	vaccine_target_2vHPV_and_4vHPV	v2	IgA1	antibody_isotype_or_subclass	680.0	1	0.0125	none	no
HPV16	vaccine_target_2vHPV_and_4vHPV	v1	IgA2	antibody_isotype_or_subclass	1.0	24	0.3	high	no
HPV16	vaccine_target_2vHPV_and_4vHPV	v2	IgA2	antibody_isotype_or_subclass	1.0	2	0.025	none	no
HPV16	vaccine_target_2vHPV_and_4vHPV	v1	IgG	antibody_isotype_or_subclass	10.5	1	0.0125	none	no
HPV16	vaccine_target_2vHPV_and_4vHPV	v2	IgG	antibody_isotype_or_subclass	3976.5	1	0.0125	none	no
HPV16	vaccine_target_2vHPV_and_4vHPV	v1	IgG1	antibody_isotype_or_subclass	22.0	1	0.0125	none	no
HPV16	vaccine_target_2vHPV_and_4vHPV	v2	IgG1	antibody_isotype_or_subclass	2214.0	1	0.0125	none	no
HPV16	vaccine_target_2vHPV_and_4vHPV	v1	IgG2	antibody_isotype_or_subclass	1.0	12	0.15	moderate	no
HPV16	vaccine_target_2vHPV_and_4vHPV	v2	IgG2	antibody_isotype_or_subclass	0.2000000000000028	1	0.0125	none	no
HPV16	vaccine_target_2vHPV_and_4vHPV	v1	IgG3	antibody_isotype_or_subclass	1.0	2	0.025	none	no
HPV16	vaccine_target_2vHPV_and_4vHPV	v2	IgG3	antibody_isotype_or_subclass	109.8	1	0.0125	none	no
HPV16	vaccine_target_2vHPV_and_4vHPV	v1	IgG4	antibody_isotype_or_subclass	0.7000000000000028	1	0.0125	none	no
HPV16	vaccine_target_2vHPV_and_4vHPV	v2	IgG4	antibody_isotype_or_subclass	1.0	15	0.1875	moderate	no
HPV16	vaccine_target_2vHPV_and_4vHPV	v1	IgM	antibody_isotype_or_subclass	137.5	1	0.0125	none	no
HPV16	vaccine_target_2vHPV_and_4vHPV	v2	IgM	antibody_isotype_or_subclass	462.5	1	0.0125	none	no
HPV16	vaccine_target_2vHPV_and_4vHPV	v1	nAb	neutralizing_antibody	50.0	20	0.25	moderate	yes
HPV16	vaccine_target_2vHPV_and_4vHPV	v2	nAb	neutralizing_antibody	200.0	4	0.05	low	yes
HPV18	vaccine_target_2vHPV_and_4vHPV	v1	ADCP	antibody_dependent_cellular_phagocytosis	4.035025	1	0.0125	none	no
HPV18	vaccine_target_2vHPV_and_4vHPV	v2	ADCP	antibody_dependent_cellular_phagocytosis	23.05555	1	0.0125	none	no
HPV18	vaccine_target_2vHPV_and_4vHPV	v1	FcgR2A	fc_gamma_receptor_binding	1.0	7	0.0875	low	no
HPV18	vaccine_target_2vHPV_and_4vHPV	v2	FcgR2A	fc_gamma_receptor_binding	1.0	4	0.05	low	no
HPV18	vaccine_target_2vHPV_and_4vHPV	v1	FcgR2B	fc_gamma_receptor_binding	1.0	1	0.0125	none	no
HPV18	vaccine_target_2vHPV_and_4vHPV	v2	FcgR2B	fc_gamma_receptor_binding	25.0	1	0.0125	none	no
HPV18	vaccine_target_2vHPV_and_4vHPV	v1	FcgR3A	fc_gamma_receptor_binding	1.0	10	0.125	low	no
HPV18	vaccine_target_2vHPV_and_4vHPV	v2	FcgR3A	fc_gamma_receptor_binding	1.0	2	0.025	none	no
HPV18	vaccine_target_2vHPV_and_4vHPV	v1	IgA1	antibody_isotype_or_subclass	1.0	1	0.0125	none	no
HPV18	vaccine_target_2vHPV_and_4vHPV	v2	IgA1	antibody_isotype_or_subclass	86.30000000000001	1	0.0125	none	no
HPV18	vaccine_target_2vHPV_and_4vHPV	v1	IgA2	antibody_isotype_or_subclass	1.0	38	0.475	high	no
HPV18	vaccine_target_2vHPV_and_4vHPV	v2	IgA2	antibody_isotype_or_subclass	1.0	10	0.125	low	no
HPV18	vaccine_target_2vHPV_and_4vHPV	v1	IgG	antibody_isotype_or_subclass	52.5	1	0.0125	none	no
HPV18	vaccine_target_2vHPV_and_4vHPV	v2	IgG	antibody_isotype_or_subclass	781.3	1	0.0125	none	no
HPV18	vaccine_target_2vHPV_and_4vHPV	v1	IgG1	antibody_isotype_or_subclass	47.3	1	0.0125	none	no
HPV18	vaccine_target_2vHPV_and_4vHPV	v2	IgG1	antibody_isotype_or_subclass	784.5	1	0.0125	none	no
HPV18	vaccine_target_2vHPV_and_4vHPV	v1	IgG2	antibody_isotype_or_subclass	1.0	9	0.1125	low	no
HPV18	vaccine_target_2vHPV_and_4vHPV	v2	IgG2	antibody_isotype_or_subclass	1.0	7	0.0875	low	no
HPV18	vaccine_target_2vHPV_and_4vHPV	v1	IgG3	antibody_isotype_or_subclass	1.0	3	0.0375	none	no
HPV18	vaccine_target_2vHPV_and_4vHPV	v2	IgG3	antibody_isotype_or_subclass	32.0	1	0.0125	none	no
HPV18	vaccine_target_2vHPV_and_4vHPV	v1	IgG4	antibody_isotype_or_subclass	1.0	31	0.3875	high	no
HPV18	vaccine_target_2vHPV_and_4vHPV	v2	IgG4	antibody_isotype_or_subclass	0.5	1	0.0125	none	no
HPV18	vaccine_target_2vHPV_and_4vHPV	v1	IgM	antibody_isotype_or_subclass	404.5	1	0.0125	none	no
HPV18	vaccine_target_2vHPV_and_4vHPV	v2	IgM	antibody_isotype_or_subclass	468.5	1	0.0125	none	no
HPV18	vaccine_target_2vHPV_and_4vHPV	v1	nAb	neutralizing_antibody	50.0	28	0.35	high	yes
HPV18	vaccine_target_2vHPV_and_4vHPV	v2	nAb	neutralizing_antibody	50.0	2	0.025	none	yes
HPV31	cross_reactive_non_booster_target	v1	FcgR2A	fc_gamma_receptor_binding	1.0	10	0.125	low	no
HPV31	cross_reactive_non_booster_target	v2	FcgR2A	fc_gamma_receptor_binding	1.0	8	0.1	low	no
HPV31	cross_reactive_non_booster_target	v1	FcgR2B	fc_gamma_receptor_binding	1.0	15	0.1875	moderate	no
HPV31	cross_reactive_non_booster_target	v2	FcgR2B	fc_gamma_receptor_binding	1.0	3	0.0375	none	no
HPV31	cross_reactive_non_booster_target	v1	FcgR3A	fc_gamma_receptor_binding	1.0	13	0.1625	moderate	no
HPV31	cross_reactive_non_booster_target	v2	FcgR3A	fc_gamma_receptor_binding	1.0	2	0.025	none	no
HPV31	cross_reactive_non_booster_target	v1	IgA1	antibody_isotype_or_subclass	1.0	4	0.05	low	no
HPV31	cross_reactive_non_booster_target	v2	IgA1	antibody_isotype_or_subclass	87.5	1	0.0125	none	no
HPV31	cross_reactive_non_booster_target	v1	IgA2	antibody_isotype_or_subclass	1.0	46	0.575	high	no
HPV31	cross_reactive_non_booster_target	v2	IgA2	antibody_isotype_or_subclass	1.0	17	0.2125	moderate	no
HPV31	cross_reactive_non_booster_target	v1	IgG	antibody_isotype_or_subclass	42.5	1	0.0125	none	no
HPV31	cross_reactive_non_booster_target	v2	IgG	antibody_isotype_or_subclass	118.5	1	0.0125	none	no
HPV31	cross_reactive_non_booster_target	v1	IgG1	antibody_isotype_or_subclass	8.0	1	0.0125	none	no
HPV31	cross_reactive_non_booster_target	v2	IgG1	antibody_isotype_or_subclass	56.7	1	0.0125	none	no
HPV31	cross_reactive_non_booster_target	v1	IgG2	antibody_isotype_or_subclass	1.0	31	0.3875	high	no
HPV31	cross_reactive_non_booster_target	v2	IgG2	antibody_isotype_or_subclass	1.0	15	0.1875	moderate	no
HPV31	cross_reactive_non_booster_target	v1	IgG3	antibody_isotype_or_subclass	0.5	1	0.0125	none	no
HPV31	cross_reactive_non_booster_target	v2	IgG3	antibody_isotype_or_subclass	1.0	3	0.0375	none	no
HPV31	cross_reactive_non_booster_target	v1	IgG4	antibody_isotype_or_subclass	0.5	1	0.0125	none	no
HPV31	cross_reactive_non_booster_target	v2	IgG4	antibody_isotype_or_subclass	1.0	36	0.45	high	no
HPV31	cross_reactive_non_booster_target	v1	IgM	antibody_isotype_or_subclass	73.7	1	0.0125	none	no
HPV31	cross_reactive_non_booster_target	v2	IgM	antibody_isotype_or_subclass	92.7	1	0.0125	none	no
HPV33	cross_reactive_non_booster_target	v1	FcgR2A	fc_gamma_receptor_binding	1.0	23	0.2875	moderate	no
HPV33	cross_reactive_non_booster_target	v2	FcgR2A	fc_gamma_receptor_binding	1.0	5	0.0625	low	no
HPV33	cross_reactive_non_booster_target	v1	FcgR2B	fc_gamma_receptor_binding	1.0	2	0.025	none	no
HPV33	cross_reactive_non_booster_target	v2	FcgR2B	fc_gamma_receptor_binding	6.5	1	0.0125	none	no
HPV33	cross_reactive_non_booster_target	v1	FcgR3A	fc_gamma_receptor_binding	1.0	33	0.4125	high	no
HPV33	cross_reactive_non_booster_target	v2	FcgR3A	fc_gamma_receptor_binding	1.0	13	0.1625	moderate	no
HPV33	cross_reactive_non_booster_target	v1	IgA1	antibody_isotype_or_subclass	1.0	3	0.0375	none	no
HPV33	cross_reactive_non_booster_target	v2	IgA1	antibody_isotype_or_subclass	1.0	2	0.025	none	no
HPV33	cross_reactive_non_booster_target	v1	IgA2	antibody_isotype_or_subclass	1.0	41	0.5125	high	no
HPV33	cross_reactive_non_booster_target	v2	IgA2	antibody_isotype_or_subclass	1.0	31	0.3875	high	no
HPV33	cross_reactive_non_booster_target	v1	IgG	antibody_isotype_or_subclass	76.0	1	0.0125	none	no
HPV33	cross_reactive_non_booster_target	v2	IgG	antibody_isotype_or_subclass	92.8	1	0.0125	none	no
HPV33	cross_reactive_non_booster_target	v1	IgG1	antibody_isotype_or_subclass	10.3	1	0.0125	none	no
HPV33	cross_reactive_non_booster_target	v2	IgG1	antibody_isotype_or_subclass	92.3	1	0.0125	none	no
HPV33	cross_reactive_non_booster_target	v1	IgG2	antibody_isotype_or_subclass	1.0	28	0.35	high	no
HPV33	cross_reactive_non_booster_target	v2	IgG2	antibody_isotype_or_subclass	1.0	25	0.3125	high	no
HPV33	cross_reactive_non_booster_target	v1	IgG3	antibody_isotype_or_subclass	1.0	2	0.025	none	no
HPV33	cross_reactive_non_booster_target	v2	IgG3	antibody_isotype_or_subclass	1.0	1	0.0125	none	no
HPV33	cross_reactive_non_booster_target	v1	IgG4	antibody_isotype_or_subclass	0.5	1	0.0125	none	no
HPV33	cross_reactive_non_booster_target	v2	IgG4	antibody_isotype_or_subclass	0.2999999999999971	2	0.025	none	no
HPV33	cross_reactive_non_booster_target	v1	IgM	antibody_isotype_or_subclass	531.0	1	0.0125	none	no
HPV33	cross_reactive_non_booster_target	v2	IgM	antibody_isotype_or_subclass	470.0	1	0.0125	none	no
HPV45	cross_reactive_non_booster_target	v1	FcgR2A	fc_gamma_receptor_binding	1.0	14	0.175	moderate	no
HPV45	cross_reactive_non_booster_target	v2	FcgR2A	fc_gamma_receptor_binding	1.0	17	0.2125	moderate	no
HPV45	cross_reactive_non_booster_target	v1	FcgR2B	fc_gamma_receptor_binding	1.0	15	0.1875	moderate	no
HPV45	cross_reactive_non_booster_target	v2	FcgR2B	fc_gamma_receptor_binding	1.0	4	0.05	low	no
HPV45	cross_reactive_non_booster_target	v1	FcgR3A	fc_gamma_receptor_binding	1.0	26	0.325	high	no
HPV45	cross_reactive_non_booster_target	v2	FcgR3A	fc_gamma_receptor_binding	1.0	4	0.05	low	no
HPV45	cross_reactive_non_booster_target	v1	IgA1	antibody_isotype_or_subclass	1.0	3	0.0375	none	no
HPV45	cross_reactive_non_booster_target	v2	IgA1	antibody_isotype_or_subclass	59.5	1	0.0125	none	no
HPV45	cross_reactive_non_booster_target	v1	IgA2	antibody_isotype_or_subclass	1.0	31	0.3875	high	no
HPV45	cross_reactive_non_booster_target	v2	IgA2	antibody_isotype_or_subclass	1.0	35	0.4375	high	no
HPV45	cross_reactive_non_booster_target	v1	IgG	antibody_isotype_or_subclass	52.0	1	0.0125	none	no
HPV45	cross_reactive_non_booster_target	v2	IgG	antibody_isotype_or_subclass	63.5	1	0.0125	none	no
HPV45	cross_reactive_non_booster_target	v1	IgG1	antibody_isotype_or_subclass	22.3	1	0.0125	none	no
HPV45	cross_reactive_non_booster_target	v2	IgG1	antibody_isotype_or_subclass	55.3	1	0.0125	none	no
HPV45	cross_reactive_non_booster_target	v1	IgG2	antibody_isotype_or_subclass	1.0	40	0.5	high	no
HPV45	cross_reactive_non_booster_target	v2	IgG2	antibody_isotype_or_subclass	1.0	29	0.3625	high	no
HPV45	cross_reactive_non_booster_target	v1	IgG3	antibody_isotype_or_subclass	1.0	5	0.0625	low	no
HPV45	cross_reactive_non_booster_target	v2	IgG3	antibody_isotype_or_subclass	1.0	3	0.0375	none	no
HPV45	cross_reactive_non_booster_target	v1	IgG4	antibody_isotype_or_subclass	0.7999999999999972	1	0.0125	none	no
HPV45	cross_reactive_non_booster_target	v2	IgG4	antibody_isotype_or_subclass	0.2000000000000028	1	0.0125	none	no
HPV45	cross_reactive_non_booster_target	v1	IgM	antibody_isotype_or_subclass	187.8	1	0.0125	none	no
HPV45	cross_reactive_non_booster_target	v2	IgM	antibody_isotype_or_subclass	189.5	1	0.0125	none	no
HPV52	cross_reactive_non_booster_target	v1	FcgR2A	fc_gamma_receptor_binding	1.0	27	0.3375	high	no
HPV52	cross_reactive_non_booster_target	v2	FcgR2A	fc_gamma_receptor_binding	1.0	16	0.2	moderate	no
HPV52	cross_reactive_non_booster_target	v1	FcgR2B	fc_gamma_receptor_binding	1.0	31	0.3875	high	no
HPV52	cross_reactive_non_booster_target	v2	FcgR2B	fc_gamma_receptor_binding	1.0	15	0.1875	moderate	no
HPV52	cross_reactive_non_booster_target	v1	FcgR3A	fc_gamma_receptor_binding	1.0	20	0.25	moderate	no
HPV52	cross_reactive_non_booster_target	v2	FcgR3A	fc_gamma_receptor_binding	1.0	4	0.05	low	no
HPV52	cross_reactive_non_booster_target	v1	IgA1	antibody_isotype_or_subclass	1.0	14	0.175	moderate	no
HPV52	cross_reactive_non_booster_target	v2	IgA1	antibody_isotype_or_subclass	1.0	5	0.0625	low	no
HPV52	cross_reactive_non_booster_target	v1	IgA2	antibody_isotype_or_subclass	0.5	1	0.0125	none	no
HPV52	cross_reactive_non_booster_target	v2	IgA2	antibody_isotype_or_subclass	1.0	27	0.3375	high	no
HPV52	cross_reactive_non_booster_target	v1	IgG	antibody_isotype_or_subclass	63.3	1	0.0125	none	no
HPV52	cross_reactive_non_booster_target	v2	IgG	antibody_isotype_or_subclass	112.5	1	0.0125	none	no
HPV52	cross_reactive_non_booster_target	v1	IgG1	antibody_isotype_or_subclass	7.3	1	0.0125	none	no
HPV52	cross_reactive_non_booster_target	v2	IgG1	antibody_isotype_or_subclass	42.5	1	0.0125	none	no
HPV52	cross_reactive_non_booster_target	v1	IgG2	antibody_isotype_or_subclass	1.0	33	0.4125	high	no
HPV52	cross_reactive_non_booster_target	v2	IgG2	antibody_isotype_or_subclass	1.0	17	0.2125	moderate	no
HPV52	cross_reactive_non_booster_target	v1	IgG3	antibody_isotype_or_subclass	1.0	7	0.0875	low	no
HPV52	cross_reactive_non_booster_target	v2	IgG3	antibody_isotype_or_subclass	1.0	3	0.0375	none	no
HPV52	cross_reactive_non_booster_target	v1	IgG4	antibody_isotype_or_subclass	0.2999999999999971	1	0.0125	none	no
HPV52	cross_reactive_non_booster_target	v2	IgG4	antibody_isotype_or_subclass	0.5	1	0.0125	none	no
HPV52	cross_reactive_non_booster_target	v1	IgM	antibody_isotype_or_subclass	157.8	1	0.0125	none	no
HPV52	cross_reactive_non_booster_target	v2	IgM	antibody_isotype_or_subclass	171.5	1	0.0125	none	no
HPV58	cross_reactive_non_booster_target	v1	FcgR2A	fc_gamma_receptor_binding	1.0	16	0.2	moderate	no
HPV58	cross_reactive_non_booster_target	v2	FcgR2A	fc_gamma_receptor_binding	1.0	3	0.0375	none	no
HPV58	cross_reactive_non_booster_target	v1	FcgR2B	fc_gamma_receptor_binding	1.0	6	0.075	low	no
HPV58	cross_reactive_non_booster_target	v2	FcgR2B	fc_gamma_receptor_binding	1.0	3	0.0375	none	no
HPV58	cross_reactive_non_booster_target	v1	FcgR3A	fc_gamma_receptor_binding	1.0	26	0.325	high	no
HPV58	cross_reactive_non_booster_target	v2	FcgR3A	fc_gamma_receptor_binding	1.0	7	0.0875	low	no
HPV58	cross_reactive_non_booster_target	v1	IgA1	antibody_isotype_or_subclass	31.0	1	0.0125	none	no
HPV58	cross_reactive_non_booster_target	v2	IgA1	antibody_isotype_or_subclass	43.0	1	0.0125	none	no
HPV58	cross_reactive_non_booster_target	v1	IgA2	antibody_isotype_or_subclass	1.0	41	0.5125	high	no
HPV58	cross_reactive_non_booster_target	v2	IgA2	antibody_isotype_or_subclass	1.0	28	0.35	high	no
HPV58	cross_reactive_non_booster_target	v1	IgG	antibody_isotype_or_subclass	64.0	1	0.0125	none	no
HPV58	cross_reactive_non_booster_target	v2	IgG	antibody_isotype_or_subclass	79.5	1	0.0125	none	no
HPV58	cross_reactive_non_booster_target	v1	IgG1	antibody_isotype_or_subclass	10.3	1	0.0125	none	no
HPV58	cross_reactive_non_booster_target	v2	IgG1	antibody_isotype_or_subclass	91.8	1	0.0125	none	no
HPV58	cross_reactive_non_booster_target	v1	IgG2	antibody_isotype_or_subclass	0.5	1	0.0125	none	no
HPV58	cross_reactive_non_booster_target	v2	IgG2	antibody_isotype_or_subclass	0.5	1	0.0125	none	no
HPV58	cross_reactive_non_booster_target	v1	IgG3	antibody_isotype_or_subclass	1.0	4	0.05	low	no
HPV58	cross_reactive_non_booster_target	v2	IgG3	antibody_isotype_or_subclass	1.0	2	0.025	none	no
HPV58	cross_reactive_non_booster_target	v1	IgG4	antibody_isotype_or_subclass	0.2000000000000028	1	0.0125	none	no
HPV58	cross_reactive_non_booster_target	v2	IgG4	antibody_isotype_or_subclass	0.2000000000000028	1	0.0125	none	no
HPV58	cross_reactive_non_booster_target	v1	IgM	antibody_isotype_or_subclass	581.0	1	0.0125	none	no
HPV58	cross_reactive_non_booster_target	v2	IgM	antibody_isotype_or_subclass	370.5	1	0.0125	none	no
