relative_path	exists	file_size_bytes	sha256	role
README.md	True	3707	449d505d6569881d1bfbb31d2c81d0dd9cbbb2dd7e0fda0b3cce0e7a66d3a62e	repository_identity
REPOSITORY_SCOPE.md	True	1287	4218f250071ab4bd80191eb26af019ec172bfa7ed81c136b6765502e79cdb15d	repository_identity
DATA_AVAILABILITY.md	True	1014	34feba5a5c304b6ebaedec92afb5fe681cf85cd11545ec7f860507486368b1aa	repository_identity
CITATION.cff	True	1094	cc0c176dccc2b045fc793bdb1434f78c9846c2ff2257dc338b757979f7b25153	repository_identity
REPOSITORY_METADATA.md	True	770	39a1c22ec573a2fa8b561180e2620775b4c9ff392f9d10b17def29f099d294d1	repository_identity
RELEASE_NOTES_v0.1.0-fiji-systems-serology.md	True	1010	a4d770a9c3e235041c277f97ca5ff0f1f8fb52246bb76aadc3962b24b365a14d	repository_identity
requirements.txt	True	131	955d90a0ef75f371bbead3eeb493cc2f3bada34d68e3e6c61e3e757e2bf93730	repository_identity
environment.yml	True	297	7cc743754b3c863b2d4591e2c755e6a50aaf3be0a0dd6a37d2022eb3b01e6aab	repository_identity
08_results/tables/phase3D2D_hpv_dependency_inventory.tsv	True	13819	406da5e14c8ddc1c95a48979411856efd5edce1e18b460a8e1df93738a21d739	dependency_audit
