analysis_layer	predictor_representation	antigen_target	analysis_stratum	predictor_feature	functional_outcome	feature_pair	participants	spearman_rho	spearman_p_value	correlation_status	correlation_direction	correlation_strength	predictor_floor_severity	outcome_floor_severity	pair_maximum_floor_severity	floor_sensitive_pair	bh_q_value	fdr_significant
predictor_function	raw_predictor	HPV16	all_participants	IgG	ADCP	IgG__ADCP	80	0.4301224262162041	6.833026278990818e-05	estimated	positive	moderate	none	none	none	False	0.00013666052557981636	True
predictor_function	raw_predictor	HPV16	all_participants	IgG1	ADCP	IgG1__ADCP	80	0.4860290670417253	4.868745574801177e-06	estimated	positive	moderate	none	none	none	False	1.4606236724403531e-05	True
predictor_function	raw_predictor	HPV16	all_participants	IgG3	ADCP	IgG3__ADCP	80	0.6171354899203001	1.0853329967324963e-09	estimated	positive	strong	none	none	none	False	6.511997980394978e-09	True
predictor_function	raw_predictor	HPV16	all_participants	FcgR2A	ADCP	FcgR2A__ADCP	80	0.07969995311767465	0.48220669398414107	estimated	positive	very_weak	low	none	low	False	0.48220669398414107	False
predictor_function	raw_predictor	HPV16	all_participants	FcgR2B	ADCP	FcgR2B__ADCP	80	0.21336146272855136	0.05739741962420539	estimated	positive	weak	moderate	none	moderate	True	0.07701258193305444	False
predictor_function	raw_predictor	HPV16	all_participants	FcgR3A	ADCP	FcgR3A__ADCP	80	0.20794655414908578	0.0641771516108787	estimated	positive	weak	low	none	low	False	0.07701258193305444	False
predictor_function	raw_predictor	HPV16	all_participants	IgG	nAb	IgG__nAb	80	0.5036984829264493	1.9095724583325885e-06	estimated	positive	moderate	none	moderate	moderate	True	5.7287173749977654e-06	True
predictor_function	raw_predictor	HPV16	all_participants	IgG1	nAb	IgG1__nAb	80	0.551230842782046	1.1662036139634345e-07	estimated	positive	moderate	none	moderate	moderate	True	6.997221683780608e-07	True
predictor_function	raw_predictor	HPV16	all_participants	IgG3	nAb	IgG3__nAb	80	0.3470795549549121	0.0016094788189909798	estimated	positive	weak	none	moderate	moderate	True	0.00241421822848647	True
predictor_function	raw_predictor	HPV16	all_participants	FcgR2A	nAb	FcgR2A__nAb	80	0.12684854279105082	0.2621824216401656	estimated	positive	very_weak	low	moderate	moderate	True	0.2621824216401656	False
predictor_function	raw_predictor	HPV16	all_participants	FcgR2B	nAb	FcgR2B__nAb	80	0.24961241183038535	0.025553133610202672	estimated	positive	weak	moderate	moderate	moderate	True	0.030663760332243203	True
predictor_function	raw_predictor	HPV16	all_participants	FcgR3A	nAb	FcgR3A__nAb	80	0.36601972805725075	0.0008410408242991201	estimated	positive	weak	low	moderate	moderate	True	0.0016820816485982402	True
predictor_function	raw_predictor	HPV16	primary_dose0	IgG	ADCP	IgG__ADCP	20	0.3383458646616541	0.14452609966359914	estimated	positive	weak	none	none	none	False	0.2890521993271983	False
predictor_function	raw_predictor	HPV16	primary_dose0	IgG1	ADCP	IgG1__ADCP	20	0.35939849624060144	0.11963250632903898	estimated	positive	weak	none	none	none	False	0.2890521993271983	False
predictor_function	raw_predictor	HPV16	primary_dose0	IgG3	ADCP	IgG3__ADCP	20	0.49022556390977434	0.02821080561889401	estimated	positive	moderate	none	none	none	False	0.16926483371336407	False
predictor_function	raw_predictor	HPV16	primary_dose0	FcgR2A	ADCP	FcgR2A__ADCP	20	0.08270676691729321	0.7288508763559796	estimated	positive	very_weak	low	none	low	False	0.8746210516271754	False
predictor_function	raw_predictor	HPV16	primary_dose0	FcgR2B	ADCP	FcgR2B__ADCP	20	-0.004511278195488721	0.9849400483404018	estimated	negative	very_weak	moderate	none	moderate	True	0.9849400483404018	False
predictor_function	raw_predictor	HPV16	primary_dose0	FcgR3A	ADCP	FcgR3A__ADCP	20	0.09172932330827067	0.7005157258604466	estimated	positive	very_weak	low	none	low	False	0.8746210516271754	False
predictor_function	raw_predictor	HPV16	primary_dose0	IgG	nAb	IgG__nAb	20	-0.1497045201553083	0.5287231886064996	estimated	negative	very_weak	none	moderate	moderate	True	0.6344678263277995	False
predictor_function	raw_predictor	HPV16	primary_dose0	IgG1	nAb	IgG1__nAb	20	-0.16946247713012055	0.4750708311253099	estimated	negative	very_weak	none	moderate	moderate	True	0.6344678263277995	False
predictor_function	raw_predictor	HPV16	primary_dose0	IgG3	nAb	IgG3__nAb	20	-0.41035756793840844	0.0723160080808106	estimated	negative	moderate	none	moderate	moderate	True	0.2598233710609561	False
predictor_function	raw_predictor	HPV16	primary_dose0	FcgR2A	nAb	FcgR2A__nAb	20	0.16566287001957972	0.4851712097123725	estimated	positive	very_weak	low	moderate	moderate	True	0.6344678263277995	False
predictor_function	raw_predictor	HPV16	primary_dose0	FcgR2B	nAb	FcgR2B__nAb	20	-0.39287937522992067	0.08660779035365203	estimated	negative	weak	moderate	moderate	moderate	True	0.2598233710609561	False
predictor_function	raw_predictor	HPV16	primary_dose0	FcgR3A	nAb	FcgR3A__nAb	20	-0.060793713768653106	0.7990268261727531	estimated	negative	very_weak	low	moderate	moderate	True	0.7990268261727531	False
predictor_function	raw_predictor	HPV16	recall_all_doses	IgG	ADCP	IgG__ADCP	60	0.6263279802909552	8.674143804561092e-08	estimated	positive	strong	none	none	none	False	1.7348287609122184e-07	True
predictor_function	raw_predictor	HPV16	recall_all_doses	IgG1	ADCP	IgG1__ADCP	60	0.7062517365934983	2.9035394813571404e-10	estimated	positive	strong	none	none	none	False	1.7421236888142842e-09	True
predictor_function	raw_predictor	HPV16	recall_all_doses	IgG3	ADCP	IgG3__ADCP	60	0.642289524868019	3.1718163441377105e-08	estimated	positive	strong	none	none	none	False	9.515449032413132e-08	True
predictor_function	raw_predictor	HPV16	recall_all_doses	FcgR2A	ADCP	FcgR2A__ADCP	60	0.13914976382328426	0.2889877612099659	estimated	positive	very_weak	low	none	low	False	0.2889877612099659	False
predictor_function	raw_predictor	HPV16	recall_all_doses	FcgR2B	ADCP	FcgR2B__ADCP	60	0.2417893859405391	0.06271381398266002	estimated	positive	weak	moderate	none	moderate	True	0.07525657677919202	False
predictor_function	raw_predictor	HPV16	recall_all_doses	FcgR3A	ADCP	FcgR3A__ADCP	60	0.31097527090858573	0.01558775188502987	estimated	positive	weak	low	none	low	False	0.023381627827544806	True
predictor_function	raw_predictor	HPV16	recall_all_doses	IgG	nAb	IgG__nAb	60	0.6745631764488348	3.433392345696947e-09	estimated	positive	strong	none	moderate	moderate	True	1.0300177037090841e-08	True
predictor_function	raw_predictor	HPV16	recall_all_doses	IgG1	nAb	IgG1__nAb	60	0.7698138510862964	6.566280472074763e-13	estimated	positive	strong	none	moderate	moderate	True	3.939768283244858e-12	True
predictor_function	raw_predictor	HPV16	recall_all_doses	IgG3	nAb	IgG3__nAb	60	0.49465455988554435	5.884641600775442e-05	estimated	positive	moderate	none	moderate	moderate	True	0.00011769283201550884	True
predictor_function	raw_predictor	HPV16	recall_all_doses	FcgR2A	nAb	FcgR2A__nAb	60	0.12668460199737788	0.3347724520577603	estimated	positive	very_weak	low	moderate	moderate	True	0.3347724520577603	False
predictor_function	raw_predictor	HPV16	recall_all_doses	FcgR2B	nAb	FcgR2B__nAb	60	0.28313127432489704	0.02837523636746959	estimated	positive	weak	moderate	moderate	moderate	True	0.034050283640963505	True
predictor_function	raw_predictor	HPV16	recall_all_doses	FcgR3A	nAb	FcgR3A__nAb	60	0.3805293277925212	0.0027061898819756305	estimated	positive	weak	low	moderate	moderate	True	0.004059284822963446	True
predictor_function	raw_predictor	HPV16	recall_dose1	IgG	ADCP	IgG__ADCP	20	0.7085370941082199	0.0004712415442209041	estimated	positive	strong	none	none	none	False	0.0028274492653254245	True
predictor_function	raw_predictor	HPV16	recall_dose1	IgG1	ADCP	IgG1__ADCP	20	0.6045112781954887	0.004753100824093808	estimated	positive	strong	none	none	none	False	0.014259302472281424	True
predictor_function	raw_predictor	HPV16	recall_dose1	IgG3	ADCP	IgG3__ADCP	20	0.5187969924812029	0.019088394384192506	estimated	positive	moderate	none	none	none	False	0.03817678876838501	True
predictor_function	raw_predictor	HPV16	recall_dose1	FcgR2A	ADCP	FcgR2A__ADCP	20	-0.07669172932330826	0.7479334475419401	estimated	negative	very_weak	low	none	low	False	0.7479334475419401	False
predictor_function	raw_predictor	HPV16	recall_dose1	FcgR2B	ADCP	FcgR2B__ADCP	20	0.1518796992481203	0.5226819111403139	estimated	positive	very_weak	moderate	none	moderate	True	0.6272182933683766	False
predictor_function	raw_predictor	HPV16	recall_dose1	FcgR3A	ADCP	FcgR3A__ADCP	20	0.18045112781954886	0.4464646102705483	estimated	positive	very_weak	low	none	low	False	0.6272182933683766	False
predictor_function	raw_predictor	HPV16	recall_dose1	IgG	nAb	IgG__nAb	20	0.6284236980346465	0.0030026721291049768	estimated	positive	strong	none	moderate	moderate	True	0.00900801638731493	True
predictor_function	raw_predictor	HPV16	recall_dose1	IgG1	nAb	IgG1__nAb	20	0.6634022495373735	0.0014289182248554985	estimated	positive	strong	none	moderate	moderate	True	0.008573509349132992	True
predictor_function	raw_predictor	HPV16	recall_dose1	IgG3	nAb	IgG3__nAb	20	0.5967591011820209	0.00547496628738278	estimated	positive	moderate	none	moderate	moderate	True	0.01094993257476556	True
predictor_function	raw_predictor	HPV16	recall_dose1	FcgR2A	nAb	FcgR2A__nAb	20	0.032564265673638196	0.8915919031347304	estimated	positive	very_weak	low	moderate	moderate	True	0.8915919031347304	False
predictor_function	raw_predictor	HPV16	recall_dose1	FcgR2B	nAb	FcgR2B__nAb	20	0.287019923030439	0.21983664104531764	estimated	positive	weak	moderate	moderate	moderate	True	0.26380396925438115	False
predictor_function	raw_predictor	HPV16	recall_dose1	FcgR3A	nAb	FcgR3A__nAb	20	0.3892565710755821	0.0898135916051699	estimated	positive	weak	low	moderate	moderate	True	0.13472038740775485	False
predictor_function	raw_predictor	HPV16	recall_dose2	IgG	ADCP	IgG__ADCP	21	0.5825752650035353	0.005583660639847703	estimated	positive	moderate	none	none	none	False	0.024977446851184183	True
predictor_function	raw_predictor	HPV16	recall_dose2	IgG1	ADCP	IgG1__ADCP	21	0.5324675324675324	0.01295751978995037	estimated	positive	moderate	none	none	none	False	0.02591503957990074	True
predictor_function	raw_predictor	HPV16	recall_dose2	IgG3	ADCP	IgG3__ADCP	21	0.448051948051948	0.04165618995678563	estimated	positive	moderate	none	none	none	False	0.06248428493517845	False
predictor_function	raw_predictor	HPV16	recall_dose2	FcgR2A	ADCP	FcgR2A__ADCP	21	0.16233766233766234	0.4820201872355596	estimated	positive	very_weak	low	none	low	False	0.4820201872355596	False
predictor_function	raw_predictor	HPV16	recall_dose2	FcgR2B	ADCP	FcgR2B__ADCP	21	0.3506493506493506	0.11912829331739887	estimated	positive	weak	moderate	none	moderate	True	0.14295395198087862	False
predictor_function	raw_predictor	HPV16	recall_dose2	FcgR3A	ADCP	FcgR3A__ADCP	21	0.5597402597402598	0.008325815617061394	estimated	positive	moderate	low	none	low	False	0.024977446851184183	True
predictor_function	raw_predictor	HPV16	recall_dose2	IgG	nAb	IgG__nAb	21	0.5067597859672013	0.019055502412429662	estimated	positive	moderate	none	moderate	moderate	True	0.04305065482005575	True
predictor_function	raw_predictor	HPV16	recall_dose2	IgG1	nAb	IgG1__nAb	21	0.49822416654065504	0.021525327410027877	estimated	positive	moderate	none	moderate	moderate	True	0.04305065482005575	True
predictor_function	raw_predictor	HPV16	recall_dose2	IgG3	nAb	IgG3__nAb	21	0.22187057745815733	0.3337437254843594	estimated	positive	weak	none	moderate	moderate	True	0.4004924705812312	False
predictor_function	raw_predictor	HPV16	recall_dose2	FcgR2A	nAb	FcgR2A__nAb	21	0.026256873071971276	0.9100501908020635	estimated	positive	very_weak	low	moderate	moderate	True	0.9100501908020635	False
predictor_function	raw_predictor	HPV16	recall_dose2	FcgR2B	nAb	FcgR2B__nAb	21	0.24615818504973072	0.28209474246334765	estimated	positive	weak	moderate	moderate	moderate	True	0.4004924705812312	False
predictor_function	raw_predictor	HPV16	recall_dose2	FcgR3A	nAb	FcgR3A__nAb	21	0.5428608507630062	0.010993891038399463	estimated	positive	moderate	low	moderate	moderate	True	0.04305065482005575	True
predictor_function	raw_predictor	HPV16	recall_dose3	IgG	ADCP	IgG__ADCP	19	0.38350157268017937	0.10505308948563175	estimated	positive	weak	none	none	none	False	0.2101061789712635	False
predictor_function	raw_predictor	HPV16	recall_dose3	IgG1	ADCP	IgG1__ADCP	19	0.8210526315789475	1.6458315542988976e-05	estimated	positive	very_strong	none	none	none	False	4.937494662896693e-05	True
predictor_function	raw_predictor	HPV16	recall_dose3	IgG3	ADCP	IgG3__ADCP	19	0.8350877192982457	8.647203091664366e-06	estimated	positive	very_strong	none	none	none	False	4.937494662896693e-05	True
predictor_function	raw_predictor	HPV16	recall_dose3	FcgR2A	ADCP	FcgR2A__ADCP	19	0.18070175438596495	0.4591089856621523	estimated	positive	very_weak	low	none	low	False	0.4591089856621523	False
predictor_function	raw_predictor	HPV16	recall_dose3	FcgR2B	ADCP	FcgR2B__ADCP	19	0.2596491228070175	0.28304842984092177	estimated	positive	weak	moderate	none	moderate	True	0.3396581158091061	False
predictor_function	raw_predictor	HPV16	recall_dose3	FcgR3A	ADCP	FcgR3A__ADCP	19	0.3368421052631579	0.15848304296395407	estimated	positive	weak	low	none	low	False	0.23772456444593112	False
predictor_function	raw_predictor	HPV16	recall_dose3	IgG	nAb	IgG__nAb	19	0.39341293723517134	0.0956309160743634	estimated	positive	weak	none	moderate	moderate	True	0.1912618321487268	False
predictor_function	raw_predictor	HPV16	recall_dose3	IgG1	nAb	IgG1__nAb	19	0.812787435896224	2.3444753183117747e-05	estimated	positive	very_strong	none	moderate	moderate	True	0.0001406685190987065	True
predictor_function	raw_predictor	HPV16	recall_dose3	IgG3	nAb	IgG3__nAb	19	0.6286402824509859	0.003940315489968483	estimated	positive	strong	none	moderate	moderate	True	0.01182094646990545	True
predictor_function	raw_predictor	HPV16	recall_dose3	FcgR2A	nAb	FcgR2A__nAb	19	0.26397449089933167	0.2748162101170415	estimated	positive	weak	low	moderate	moderate	True	0.41222431517556224	False
predictor_function	raw_predictor	HPV16	recall_dose3	FcgR2B	nAb	FcgR2B__nAb	19	0.1514905153958364	0.5358555126341112	estimated	positive	very_weak	moderate	moderate	moderate	True	0.6430266151609335	False
predictor_function	raw_predictor	HPV16	recall_dose3	FcgR3A	nAb	FcgR3A__nAb	19	0.0752916932805654	0.7593431780232522	estimated	positive	very_weak	low	moderate	moderate	True	0.7593431780232522	False
predictor_function	raw_predictor	HPV18	all_participants	IgG	ADCP	IgG__ADCP	80	0.5118377871542428	1.2187399889979603e-06	estimated	positive	moderate	none	none	none	False	7.312439933987762e-06	True
predictor_function	raw_predictor	HPV18	all_participants	IgG1	ADCP	IgG1__ADCP	80	0.49472573839662454	3.091606842337318e-06	estimated	positive	moderate	none	none	none	False	9.274820527011954e-06	True
predictor_function	raw_predictor	HPV18	all_participants	IgG3	ADCP	IgG3__ADCP	80	0.28649789029535866	0.009982470605051086	estimated	positive	weak	none	none	none	False	0.014973705907576629	True
predictor_function	raw_predictor	HPV18	all_participants	FcgR2A	ADCP	FcgR2A__ADCP	80	0.2055789967182372	0.06733844055233745	estimated	positive	weak	low	none	low	False	0.06733844055233745	False
predictor_function	raw_predictor	HPV18	all_participants	FcgR2B	ADCP	FcgR2B__ADCP	80	0.23905297702766062	0.032714406306114524	estimated	positive	weak	none	none	none	False	0.03925728756733743	True
predictor_function	raw_predictor	HPV18	all_participants	FcgR3A	ADCP	FcgR3A__ADCP	80	0.346108766994843	0.0016621633684300377	estimated	positive	weak	low	none	low	False	0.0033243267368600754	True
predictor_function	raw_predictor	HPV18	all_participants	IgG	nAb	IgG__nAb	80	0.30441378090050236	0.0060439214511299215	estimated	positive	weak	none	high	high	True	0.01849907593269802	True
predictor_function	raw_predictor	HPV18	all_participants	IgG1	nAb	IgG1__nAb	80	0.3037182070236916	0.006166358644232673	estimated	positive	weak	none	high	high	True	0.01849907593269802	True
predictor_function	raw_predictor	HPV18	all_participants	IgG3	nAb	IgG3__nAb	80	0.2261322462899398	0.043699317183076944	estimated	positive	weak	none	high	high	True	0.08739863436615389	False
predictor_function	raw_predictor	HPV18	all_participants	FcgR2A	nAb	FcgR2A__nAb	80	0.16706741369974126	0.1385505414482384	estimated	positive	very_weak	low	high	high	True	0.16626064973788607	False
predictor_function	raw_predictor	HPV18	all_participants	FcgR2B	nAb	FcgR2B__nAb	80	0.0994552749961906	0.3800882820221516	estimated	positive	very_weak	none	high	high	True	0.3800882820221516	False
predictor_function	raw_predictor	HPV18	all_participants	FcgR3A	nAb	FcgR3A__nAb	80	0.18511696633359231	0.10019283622400188	estimated	positive	very_weak	low	high	high	True	0.15028925433600282	False
predictor_function	raw_predictor	HPV18	primary_dose0	IgG	ADCP	IgG__ADCP	20	0.47368421052631576	0.034879991379496524	estimated	positive	moderate	none	none	none	False	0.06975998275899305	False
predictor_function	raw_predictor	HPV18	primary_dose0	IgG1	ADCP	IgG1__ADCP	20	0.5383458646616541	0.01433546239679361	estimated	positive	moderate	none	none	none	False	0.04499138893089781	True
predictor_function	raw_predictor	HPV18	primary_dose0	IgG3	ADCP	IgG3__ADCP	20	0.5353383458646617	0.014997129643632603	estimated	positive	moderate	none	none	none	False	0.04499138893089781	True
predictor_function	raw_predictor	HPV18	primary_dose0	FcgR2A	ADCP	FcgR2A__ADCP	20	0.03609022556390977	0.8799311955207728	estimated	positive	very_weak	low	none	low	False	0.8799311955207728	False
predictor_function	raw_predictor	HPV18	primary_dose0	FcgR2B	ADCP	FcgR2B__ADCP	20	0.3533834586466165	0.12640665077932206	estimated	positive	weak	none	none	none	False	0.15168798093518646	False
predictor_function	raw_predictor	HPV18	primary_dose0	FcgR3A	ADCP	FcgR3A__ADCP	20	0.4360902255639097	0.054584099673222065	estimated	positive	moderate	low	none	low	False	0.0818761495098331	False
predictor_function	raw_predictor	HPV18	primary_dose0	IgG	nAb	IgG__nAb	20	0.6824926087042867	0.0009146400119252367	estimated	positive	strong	none	high	high	True	0.005487840071551421	True
predictor_function	raw_predictor	HPV18	primary_dose0	IgG1	nAb	IgG1__nAb	20	0.6291132985262978	0.002961540072638351	estimated	positive	strong	none	high	high	True	0.008884620217915053	True
predictor_function	raw_predictor	HPV18	primary_dose0	IgG3	nAb	IgG3__nAb	20	0.19979113238047275	0.39837617821857074	estimated	positive	very_weak	none	high	high	True	0.6003244413656609	False
predictor_function	raw_predictor	HPV18	primary_dose0	FcgR2A	nAb	FcgR2A__nAb	20	0.13268571387100098	0.577079227251952	estimated	positive	very_weak	low	high	high	True	0.6449006236307331	False
predictor_function	raw_predictor	HPV18	primary_dose0	FcgR2B	nAb	FcgR2B__nAb	20	0.10980886665186289	0.6449006236307331	estimated	positive	very_weak	none	high	high	True	0.6449006236307331	False
predictor_function	raw_predictor	HPV18	primary_dose0	FcgR3A	nAb	FcgR3A__nAb	20	0.1990285708065015	0.4002162942437739	estimated	positive	very_weak	low	high	high	True	0.6003244413656609	False
predictor_function	raw_predictor	HPV18	recall_all_doses	IgG	ADCP	IgG__ADCP	60	0.6782995276465685	2.6068735316791207e-09	estimated	positive	strong	none	none	none	False	7.820620595037362e-09	True
predictor_function	raw_predictor	HPV18	recall_all_doses	IgG1	ADCP	IgG1__ADCP	60	0.6984717977215894	5.484100079022197e-10	estimated	positive	strong	none	none	none	False	3.2904600474133184e-09	True
predictor_function	raw_predictor	HPV18	recall_all_doses	IgG3	ADCP	IgG3__ADCP	60	0.21250347318699644	0.10308119165271161	estimated	positive	weak	none	none	none	False	0.10308119165271161	False
predictor_function	raw_predictor	HPV18	recall_all_doses	FcgR2A	ADCP	FcgR2A__ADCP	60	0.32086690747429847	0.012432684285615173	estimated	positive	weak	low	none	low	False	0.01617580247815097	True
predictor_function	raw_predictor	HPV18	recall_all_doses	FcgR2B	ADCP	FcgR2B__ADCP	60	0.3173659349819395	0.013479835398459143	estimated	positive	weak	none	none	none	False	0.01617580247815097	True
predictor_function	raw_predictor	HPV18	recall_all_doses	FcgR3A	ADCP	FcgR3A__ADCP	60	0.483523200889136	9.093937587933333e-05	estimated	positive	moderate	low	none	low	False	0.00018187875175866667	True
predictor_function	raw_predictor	HPV18	recall_all_doses	IgG	nAb	IgG__nAb	60	0.48638064691179367	8.14417824298089e-05	estimated	positive	moderate	none	high	high	True	0.0002443253472894267	True
predictor_function	raw_predictor	HPV18	recall_all_doses	IgG1	nAb	IgG1__nAb	60	0.5510813691730502	5.047939457195796e-06	estimated	positive	moderate	none	high	high	True	3.0287636743174775e-05	True
predictor_function	raw_predictor	HPV18	recall_all_doses	IgG3	nAb	IgG3__nAb	60	0.3286234075895647	0.01035960973254434	estimated	positive	weak	none	high	high	True	0.01553941459881651	True
predictor_function	raw_predictor	HPV18	recall_all_doses	FcgR2A	nAb	FcgR2A__nAb	60	0.15744780108532733	0.22958021008094914	estimated	positive	very_weak	low	high	high	True	0.22958021008094914	False
predictor_function	raw_predictor	HPV18	recall_all_doses	FcgR2B	nAb	FcgR2B__nAb	60	0.2677203364175559	0.038635766799490816	estimated	positive	weak	none	high	high	True	0.046362920159388976	True
predictor_function	raw_predictor	HPV18	recall_all_doses	FcgR3A	nAb	FcgR3A__nAb	60	0.34794923202151395	0.0064457549338903	estimated	positive	weak	low	high	high	True	0.0128915098677806	True
predictor_function	raw_predictor	HPV18	recall_dose1	IgG	ADCP	IgG__ADCP	20	0.5097744360902255	0.02166896662153532	estimated	positive	moderate	none	none	none	False	0.07973594221637142	False
predictor_function	raw_predictor	HPV18	recall_dose1	IgG1	ADCP	IgG1__ADCP	20	0.4947368421052631	0.02657864740545714	estimated	positive	moderate	none	none	none	False	0.07973594221637142	False
predictor_function	raw_predictor	HPV18	recall_dose1	IgG3	ADCP	IgG3__ADCP	20	0.013533834586466165	0.9548397533571387	estimated	positive	very_weak	none	none	none	False	0.9548397533571387	False
predictor_function	raw_predictor	HPV18	recall_dose1	FcgR2A	ADCP	FcgR2A__ADCP	20	0.2571428571428572	0.27375050350001584	estimated	positive	weak	low	none	low	False	0.41062575525002376	False
predictor_function	raw_predictor	HPV18	recall_dose1	FcgR2B	ADCP	FcgR2B__ADCP	20	0.16842105263157892	0.4778286757964305	estimated	positive	very_weak	none	none	none	False	0.5733944109557166	False
predictor_function	raw_predictor	HPV18	recall_dose1	FcgR3A	ADCP	FcgR3A__ADCP	20	0.29774436090225564	0.20231998601897422	estimated	positive	weak	low	none	low	False	0.40463997203794844	False
predictor_function	raw_predictor	HPV18	recall_dose1	IgG	nAb	IgG__nAb	20	0.504367463689373	0.023343486860415395	estimated	positive	moderate	none	high	high	True	0.07003046058124619	False
predictor_function	raw_predictor	HPV18	recall_dose1	IgG1	nAb	IgG1__nAb	20	0.5967591011820209	0.00547496628738278	estimated	positive	moderate	none	high	high	True	0.032849797724296685	True
predictor_function	raw_predictor	HPV18	recall_dose1	IgG3	nAb	IgG3__nAb	20	0.35896423091405827	0.12011268527783257	estimated	positive	weak	none	high	high	True	0.1441352223333991	False
predictor_function	raw_predictor	HPV18	recall_dose1	FcgR2A	nAb	FcgR2A__nAb	20	0.0628566058351621	0.7923477373069575	estimated	positive	very_weak	low	high	high	True	0.7923477373069575	False
predictor_function	raw_predictor	HPV18	recall_dose1	FcgR2B	nAb	FcgR2B__nAb	20	0.39455773060384886	0.08515156746261641	estimated	positive	weak	none	high	high	True	0.1441352223333991	False
predictor_function	raw_predictor	HPV18	recall_dose1	FcgR3A	nAb	FcgR3A__nAb	20	0.37411040099482024	0.10416562693477924	estimated	positive	weak	low	high	high	True	0.1441352223333991	False
predictor_function	raw_predictor	HPV18	recall_dose2	IgG	ADCP	IgG__ADCP	21	0.6922077922077923	0.0005070683142805506	estimated	positive	strong	none	none	none	False	0.001521204942841652	True
predictor_function	raw_predictor	HPV18	recall_dose2	IgG1	ADCP	IgG1__ADCP	21	0.7753246753246753	3.6511080075003137e-05	estimated	positive	strong	none	none	none	False	0.00021906648045001882	True
predictor_function	raw_predictor	HPV18	recall_dose2	IgG3	ADCP	IgG3__ADCP	21	0.1974025974025974	0.39105475294328806	estimated	positive	very_weak	none	none	none	False	0.39105475294328806	False
predictor_function	raw_predictor	HPV18	recall_dose2	FcgR2A	ADCP	FcgR2A__ADCP	21	0.5064935064935064	0.019128951134752433	estimated	positive	moderate	low	none	low	False	0.02869342670212865	True
predictor_function	raw_predictor	HPV18	recall_dose2	FcgR2B	ADCP	FcgR2B__ADCP	21	0.2714285714285714	0.233974271651381	estimated	positive	weak	none	none	none	False	0.28076912598165715	False
predictor_function	raw_predictor	HPV18	recall_dose2	FcgR3A	ADCP	FcgR3A__ADCP	21	0.5142857142857142	0.01707135314181649	estimated	positive	moderate	low	none	low	False	0.02869342670212865	True
predictor_function	raw_predictor	HPV18	recall_dose2	IgG	nAb	IgG__nAb	21	0.4474956495199846	0.0419412024935725	estimated	positive	moderate	none	high	high	True	0.10456844207270159	False
predictor_function	raw_predictor	HPV18	recall_dose2	IgG1	nAb	IgG1__nAb	21	0.5292179772673751	0.013626737914832928	estimated	positive	moderate	none	high	high	True	0.08176042748899758	False
predictor_function	raw_predictor	HPV18	recall_dose2	IgG3	nAb	IgG3__nAb	21	0.16805801270632706	0.46650063355986326	estimated	positive	very_weak	none	high	high	True	0.6688197569344516	False
predictor_function	raw_predictor	HPV18	recall_dose2	FcgR2A	nAb	FcgR2A__nAb	21	0.13576451222550343	0.5573497974453764	estimated	positive	very_weak	low	high	high	True	0.6688197569344516	False
predictor_function	raw_predictor	HPV18	recall_dose2	FcgR2B	nAb	FcgR2B__nAb	21	0.08633568495893665	0.70981127278872	estimated	positive	very_weak	none	high	high	True	0.70981127278872	False
predictor_function	raw_predictor	HPV18	recall_dose2	FcgR3A	nAb	FcgR3A__nAb	21	0.4290422206737997	0.052284221036350796	estimated	positive	moderate	low	high	high	True	0.10456844207270159	False
predictor_function	raw_predictor	HPV18	recall_dose3	IgG	ADCP	IgG__ADCP	19	0.5035087719298245	0.027966014959808088	estimated	positive	moderate	none	none	none	False	0.055932029919616176	False
predictor_function	raw_predictor	HPV18	recall_dose3	IgG1	ADCP	IgG1__ADCP	19	0.6754385964912282	0.001505512379114516	estimated	positive	strong	none	none	none	False	0.009033074274687096	True
predictor_function	raw_predictor	HPV18	recall_dose3	IgG3	ADCP	IgG3__ADCP	19	0.38947368421052625	0.09929910161688706	estimated	positive	weak	none	none	none	False	0.13583709608168132	False
predictor_function	raw_predictor	HPV18	recall_dose3	FcgR2A	ADCP	FcgR2A__ADCP	19	0.04385964912280702	0.8584985542787698	estimated	positive	very_weak	low	none	low	False	0.8584985542787698	False
predictor_function	raw_predictor	HPV18	recall_dose3	FcgR2B	ADCP	FcgR2B__ADCP	19	0.37543859649122807	0.11319758006806778	estimated	positive	weak	none	none	none	False	0.13583709608168132	False
predictor_function	raw_predictor	HPV18	recall_dose3	FcgR3A	ADCP	FcgR3A__ADCP	19	0.5596491228070175	0.012716556664429154	estimated	positive	moderate	low	none	low	False	0.03814966999328746	True
predictor_function	raw_predictor	HPV18	recall_dose3	IgG	nAb	IgG__nAb	19	0.4214511670506369	0.07231353307790495	estimated	positive	moderate	none	high	high	True	0.17089392650941673	False
predictor_function	raw_predictor	HPV18	recall_dose3	IgG1	nAb	IgG1__nAb	19	0.41045678877975067	0.08088868778787801	estimated	positive	moderate	none	high	high	True	0.17089392650941673	False
predictor_function	raw_predictor	HPV18	recall_dose3	IgG3	nAb	IgG3__nAb	19	0.3527363028575983	0.1385376218875601	estimated	positive	weak	none	high	high	True	0.20780643283134018	False
predictor_function	raw_predictor	HPV18	recall_dose3	FcgR2A	nAb	FcgR2A__nAb	19	0.17041286319873578	0.4854823039805273	estimated	positive	very_weak	low	high	high	True	0.4854823039805273	False
predictor_function	raw_predictor	HPV18	recall_dose3	FcgR2B	nAb	FcgR2B__nAb	19	0.28035664590759757	0.24499828409041008	estimated	positive	weak	none	high	high	True	0.2939979409084921	False
predictor_function	raw_predictor	HPV18	recall_dose3	FcgR3A	nAb	FcgR3A__nAb	19	0.4049595996443076	0.08544696325470837	estimated	positive	moderate	low	high	high	True	0.17089392650941673	False
predictor_function	bpv_calibrated_predictor	HPV16	all_participants	IgG	ADCP	IgG__ADCP	80	0.169971870604782	0.13172371779833036	estimated	positive	very_weak	none	none	none	False	0.26344743559666073	False
predictor_function	bpv_calibrated_predictor	HPV16	all_participants	IgG1	ADCP	IgG1__ADCP	80	0.22639474917955932	0.04344902256455132	estimated	positive	weak	none	none	none	False	0.13034706769365398	False
predictor_function	bpv_calibrated_predictor	HPV16	all_participants	IgG3	ADCP	IgG3__ADCP	80	0.4481247069854665	3.068119589478663e-05	estimated	positive	moderate	low	none	low	False	0.0001840871753687198	True
predictor_function	bpv_calibrated_predictor	HPV16	all_participants	FcgR2A	ADCP	FcgR2A__ADCP	80	0.03588842006563526	0.7519678817854233	estimated	positive	very_weak	moderate	none	moderate	True	0.7519678817854233	False
predictor_function	bpv_calibrated_predictor	HPV16	all_participants	FcgR2B	ADCP	FcgR2B__ADCP	80	0.08938115330520394	0.43043523489278757	estimated	positive	very_weak	high	none	high	True	0.5165222818713451	False
predictor_function	bpv_calibrated_predictor	HPV16	all_participants	FcgR3A	ADCP	FcgR3A__ADCP	80	0.126629160806376	0.26301525463982733	estimated	positive	very_weak	high	none	high	True	0.394522881959741	False
predictor_function	bpv_calibrated_predictor	HPV16	all_participants	IgG	nAb	IgG__nAb	80	0.1823977515355728	0.10537093731841561	estimated	positive	very_weak	none	moderate	moderate	True	0.15805640597762344	False
predictor_function	bpv_calibrated_predictor	HPV16	all_participants	IgG1	nAb	IgG1__nAb	80	0.28677470299513547	0.0099076673047335	estimated	positive	weak	none	moderate	moderate	True	0.029723001914200502	True
predictor_function	bpv_calibrated_predictor	HPV16	all_participants	IgG3	nAb	IgG3__nAb	80	0.2872691015472164	0.009775283305874698	estimated	positive	weak	low	moderate	moderate	True	0.029723001914200502	True
predictor_function	bpv_calibrated_predictor	HPV16	all_participants	FcgR2A	nAb	FcgR2A__nAb	80	0.10853225357586196	0.33791225647728884	estimated	positive	very_weak	moderate	moderate	moderate	True	0.35782256188673345	False
predictor_function	bpv_calibrated_predictor	HPV16	all_participants	FcgR2B	nAb	FcgR2B__nAb	80	0.10416506636581373	0.35782256188673345	estimated	positive	very_weak	high	moderate	high	True	0.35782256188673345	False
predictor_function	bpv_calibrated_predictor	HPV16	all_participants	FcgR3A	nAb	FcgR3A__nAb	80	0.20446911546775728	0.06886307128324816	estimated	positive	weak	high	moderate	high	True	0.13772614256649632	False
predictor_function	bpv_calibrated_predictor	HPV16	primary_dose0	IgG	ADCP	IgG__ADCP	20	0.14736842105263157	0.5352473458918693	estimated	positive	very_weak	none	none	none	False	0.903272051408126	False
predictor_function	bpv_calibrated_predictor	HPV16	primary_dose0	IgG1	ADCP	IgG1__ADCP	20	0.2526315789473684	0.2825500572639195	estimated	positive	weak	none	none	none	False	0.8476501717917586	False
predictor_function	bpv_calibrated_predictor	HPV16	primary_dose0	IgG3	ADCP	IgG3__ADCP	20	0.42105263157894735	0.06448807512897049	estimated	positive	moderate	low	none	low	False	0.386928450773823	False
predictor_function	bpv_calibrated_predictor	HPV16	primary_dose0	FcgR2A	ADCP	FcgR2A__ADCP	20	0.07518796992481201	0.7527267095067718	estimated	positive	very_weak	moderate	none	moderate	True	0.903272051408126	False
predictor_function	bpv_calibrated_predictor	HPV16	primary_dose0	FcgR2B	ADCP	FcgR2B__ADCP	20	0.007518796992481202	0.9749025019933399	estimated	positive	very_weak	high	none	high	True	0.9749025019933399	False
predictor_function	bpv_calibrated_predictor	HPV16	primary_dose0	FcgR3A	ADCP	FcgR3A__ADCP	20	0.08872180451127819	0.7099206278927328	estimated	positive	very_weak	high	none	high	True	0.903272051408126	False
predictor_function	bpv_calibrated_predictor	HPV16	primary_dose0	IgG	nAb	IgG__nAb	20	-0.33588526857180845	0.1476553734548766	estimated	negative	weak	none	moderate	moderate	True	0.4262831255578881	False
predictor_function	bpv_calibrated_predictor	HPV16	primary_dose0	IgG1	nAb	IgG1__nAb	20	-0.15654381295428174	0.5098382299123313	estimated	negative	very_weak	none	moderate	moderate	True	0.5372195289289854	False
predictor_function	bpv_calibrated_predictor	HPV16	primary_dose0	IgG3	nAb	IgG3__nAb	20	-0.29104990466742675	0.21314156277894405	estimated	negative	weak	low	moderate	moderate	True	0.4262831255578881	False
predictor_function	bpv_calibrated_predictor	HPV16	primary_dose0	FcgR2A	nAb	FcgR2A__nAb	20	0.15958349864271443	0.5015498820127948	estimated	positive	very_weak	moderate	moderate	moderate	True	0.5372195289289854	False
predictor_function	bpv_calibrated_predictor	HPV16	primary_dose0	FcgR2B	nAb	FcgR2B__nAb	20	-0.44531395335538404	0.04911059297872208	estimated	negative	moderate	high	moderate	high	True	0.2946635578723325	False
predictor_function	bpv_calibrated_predictor	HPV16	primary_dose0	FcgR3A	nAb	FcgR3A__nAb	20	-0.14666483446687562	0.5372195289289854	estimated	negative	very_weak	high	moderate	high	True	0.5372195289289854	False
predictor_function	bpv_calibrated_predictor	HPV16	recall_all_doses	IgG	ADCP	IgG__ADCP	60	0.1825507085301473	0.16269995145088376	estimated	positive	very_weak	none	none	none	False	0.24404992717632565	False
predictor_function	bpv_calibrated_predictor	HPV16	recall_all_doses	IgG1	ADCP	IgG1__ADCP	60	0.2626840789108086	0.04259082934020136	estimated	positive	weak	none	none	none	False	0.1277724880206041	False
predictor_function	bpv_calibrated_predictor	HPV16	recall_all_doses	IgG3	ADCP	IgG3__ADCP	60	0.5392053348152266	8.784683430486175e-06	estimated	positive	moderate	low	none	low	False	5.2708100582917054e-05	True
predictor_function	bpv_calibrated_predictor	HPV16	recall_all_doses	FcgR2A	ADCP	FcgR2A__ADCP	60	0.04790219505418172	0.7162671272811423	estimated	positive	very_weak	moderate	none	moderate	True	0.7162671272811423	False
predictor_function	bpv_calibrated_predictor	HPV16	recall_all_doses	FcgR2B	ADCP	FcgR2B__ADCP	60	0.04979160878021673	0.7055751791435706	estimated	positive	very_weak	high	none	high	True	0.7162671272811423	False
predictor_function	bpv_calibrated_predictor	HPV16	recall_all_doses	FcgR3A	ADCP	FcgR3A__ADCP	60	0.194331758821895	0.1367912660346709	estimated	positive	very_weak	high	none	high	True	0.24404992717632565	False
predictor_function	bpv_calibrated_predictor	HPV16	recall_all_doses	IgG	nAb	IgG__nAb	60	0.13510413505129942	0.303373521505887	estimated	positive	very_weak	none	moderate	moderate	True	0.4550602822588305	False
predictor_function	bpv_calibrated_predictor	HPV16	recall_all_doses	IgG1	nAb	IgG1__nAb	60	0.30511716462517063	0.01776207184876586	estimated	positive	weak	none	moderate	moderate	True	0.05328621554629758	False
predictor_function	bpv_calibrated_predictor	HPV16	recall_all_doses	IgG3	nAb	IgG3__nAb	60	0.39563413792248014	0.0017550081544067705	estimated	positive	weak	low	moderate	moderate	True	0.010530048926440624	True
predictor_function	bpv_calibrated_predictor	HPV16	recall_all_doses	FcgR2A	nAb	FcgR2A__nAb	60	0.061845805920998566	0.6387637820850398	estimated	positive	very_weak	moderate	moderate	moderate	True	0.7665165385020477	False
predictor_function	bpv_calibrated_predictor	HPV16	recall_all_doses	FcgR2B	nAb	FcgR2B__nAb	60	0.024251611819767416	0.854070319113581	estimated	positive	very_weak	high	moderate	high	True	0.854070319113581	False
predictor_function	bpv_calibrated_predictor	HPV16	recall_all_doses	FcgR3A	nAb	FcgR3A__nAb	60	0.16707598315971253	0.20197987057139524	estimated	positive	very_weak	high	moderate	high	True	0.4039597411427905	False
predictor_function	bpv_calibrated_predictor	HPV16	recall_dose1	IgG	ADCP	IgG__ADCP	20	0.13984962406015036	0.5564935505662203	estimated	positive	very_weak	none	none	none	False	0.608956622164901	False
predictor_function	bpv_calibrated_predictor	HPV16	recall_dose1	IgG1	ADCP	IgG1__ADCP	20	0.3654135338345864	0.11312213950560147	estimated	positive	weak	none	none	none	False	0.5336045491766053	False
predictor_function	bpv_calibrated_predictor	HPV16	recall_dose1	IgG3	ADCP	IgG3__ADCP	20	0.27669172932330827	0.23761884061099176	estimated	positive	weak	low	none	low	False	0.5336045491766053	False
predictor_function	bpv_calibrated_predictor	HPV16	recall_dose1	FcgR2A	ADCP	FcgR2A__ADCP	20	0.24360902255639094	0.3006681944004437	estimated	positive	weak	moderate	none	moderate	True	0.5336045491766053	False
predictor_function	bpv_calibrated_predictor	HPV16	recall_dose1	FcgR2B	ADCP	FcgR2B__ADCP	20	-0.21804511278195485	0.35573636611773685	estimated	negative	weak	high	none	high	True	0.5336045491766053	False
predictor_function	bpv_calibrated_predictor	HPV16	recall_dose1	FcgR3A	ADCP	FcgR3A__ADCP	20	0.12180451127819547	0.608956622164901	estimated	positive	very_weak	high	none	high	True	0.608956622164901	False
predictor_function	bpv_calibrated_predictor	HPV16	recall_dose1	IgG	nAb	IgG__nAb	20	-0.12041205214205752	0.6130870306958958	estimated	negative	very_weak	none	moderate	moderate	True	0.7711261619456812	False
predictor_function	bpv_calibrated_predictor	HPV16	recall_dose1	IgG1	nAb	IgG1__nAb	20	0.35820692241002017	0.12095335681574187	estimated	positive	weak	none	moderate	moderate	True	0.7257201408944512	False
predictor_function	bpv_calibrated_predictor	HPV16	recall_dose1	IgG3	nAb	IgG3__nAb	20	0.1840259664812577	0.4373559185707385	estimated	positive	very_weak	low	moderate	moderate	True	0.7711261619456812	False
predictor_function	bpv_calibrated_predictor	HPV16	recall_dose1	FcgR2A	nAb	FcgR2A__nAb	20	-0.014388861576723854	0.9519897205068379	estimated	negative	very_weak	moderate	moderate	moderate	True	0.9519897205068379	False
predictor_function	bpv_calibrated_predictor	HPV16	recall_dose1	FcgR2B	nAb	FcgR2B__nAb	20	-0.21280368963470542	0.3677009083312085	estimated	negative	weak	high	moderate	high	True	0.7711261619456812	False
predictor_function	bpv_calibrated_predictor	HPV16	recall_dose1	FcgR3A	nAb	FcgR3A__nAb	20	-0.11056704158956226	0.6426051349547344	estimated	negative	very_weak	high	moderate	high	True	0.7711261619456812	False
predictor_function	bpv_calibrated_predictor	HPV16	recall_dose2	IgG	ADCP	IgG__ADCP	21	0.20129870129870128	0.3815806896030638	estimated	positive	weak	none	none	none	False	0.45789682752367655	False
predictor_function	bpv_calibrated_predictor	HPV16	recall_dose2	IgG1	ADCP	IgG1__ADCP	21	0.2636363636363636	0.2482015643743095	estimated	positive	weak	none	none	none	False	0.45789682752367655	False
predictor_function	bpv_calibrated_predictor	HPV16	recall_dose2	IgG3	ADCP	IgG3__ADCP	21	0.6610389610389611	0.0011040228328465572	estimated	positive	strong	low	none	low	False	0.006624136997079344	True
predictor_function	bpv_calibrated_predictor	HPV16	recall_dose2	FcgR2A	ADCP	FcgR2A__ADCP	21	-0.21428571428571425	0.35094954850355264	estimated	negative	weak	moderate	none	moderate	True	0.45789682752367655	False
predictor_function	bpv_calibrated_predictor	HPV16	recall_dose2	FcgR2B	ADCP	FcgR2B__ADCP	21	0.3064935064935065	0.17659418586665687	estimated	positive	weak	high	none	high	True	0.45789682752367655	False
predictor_function	bpv_calibrated_predictor	HPV16	recall_dose2	FcgR3A	ADCP	FcgR3A__ADCP	21	0.16103896103896104	0.48557914428522886	estimated	positive	very_weak	high	none	high	True	0.48557914428522886	False
predictor_function	bpv_calibrated_predictor	HPV16	recall_dose2	IgG	nAb	IgG__nAb	21	0.14703848920303916	0.5247588231796403	estimated	positive	very_weak	none	moderate	moderate	True	0.6297105878155683	False
predictor_function	bpv_calibrated_predictor	HPV16	recall_dose2	IgG1	nAb	IgG1__nAb	21	0.19955223534698172	0.3858114180669121	estimated	positive	very_weak	none	moderate	moderate	True	0.6297105878155683	False
predictor_function	bpv_calibrated_predictor	HPV16	recall_dose2	IgG3	nAb	IgG3__nAb	21	0.3715347539683936	0.09725522168768662	estimated	positive	weak	low	moderate	moderate	True	0.5835313301261198	False
predictor_function	bpv_calibrated_predictor	HPV16	recall_dose2	FcgR2A	nAb	FcgR2A__nAb	21	-0.2356554358209422	0.30378159820816464	estimated	negative	weak	moderate	moderate	moderate	True	0.6297105878155683	False
predictor_function	bpv_calibrated_predictor	HPV16	recall_dose2	FcgR2B	nAb	FcgR2B__nAb	21	0.16607472218021835	0.4718523280564294	estimated	positive	very_weak	high	moderate	high	True	0.6297105878155683	False
predictor_function	bpv_calibrated_predictor	HPV16	recall_dose2	FcgR3A	nAb	FcgR3A__nAb	21	0.06564218267992819	0.7774103010273425	estimated	positive	very_weak	high	moderate	high	True	0.7774103010273425	False
predictor_function	bpv_calibrated_predictor	HPV16	recall_dose3	IgG	ADCP	IgG__ADCP	19	0.2719298245614035	0.2600673825269107	estimated	positive	weak	none	none	none	False	0.37892417299512104	False
predictor_function	bpv_calibrated_predictor	HPV16	recall_dose3	IgG1	ADCP	IgG1__ADCP	19	0.21403508771929824	0.37892417299512104	estimated	positive	weak	none	none	none	False	0.37892417299512104	False
predictor_function	bpv_calibrated_predictor	HPV16	recall_dose3	IgG3	ADCP	IgG3__ADCP	19	0.5368421052631579	0.017790451903171158	estimated	positive	moderate	low	none	low	False	0.10674271141902696	False
predictor_function	bpv_calibrated_predictor	HPV16	recall_dose3	FcgR2A	ADCP	FcgR2A__ADCP	19	0.24035087719298245	0.32160243714265613	estimated	positive	weak	moderate	none	moderate	True	0.37892417299512104	False
predictor_function	bpv_calibrated_predictor	HPV16	recall_dose3	FcgR2B	ADCP	FcgR2B__ADCP	19	-0.4052631578947368	0.08519044298371392	estimated	negative	moderate	high	none	high	True	0.25557132895114176	False
predictor_function	bpv_calibrated_predictor	HPV16	recall_dose3	FcgR3A	ADCP	FcgR3A__ADCP	19	0.25263157894736843	0.29672364447179	estimated	positive	weak	high	none	high	True	0.37892417299512104	False
predictor_function	bpv_calibrated_predictor	HPV16	recall_dose3	IgG	nAb	IgG__nAb	19	0.26397449089933167	0.2748162101170415	estimated	positive	weak	none	moderate	moderate	True	0.3297794521404498	False
predictor_function	bpv_calibrated_predictor	HPV16	recall_dose3	IgG1	nAb	IgG1__nAb	19	0.4172792639645793	0.07548386654061906	estimated	positive	moderate	none	moderate	moderate	True	0.15096773308123812	False
predictor_function	bpv_calibrated_predictor	HPV16	recall_dose3	IgG3	nAb	IgG3__nAb	19	0.6322687977898083	0.003677058662871978	estimated	positive	strong	low	moderate	moderate	True	0.011031175988615935	True
predictor_function	bpv_calibrated_predictor	HPV16	recall_dose3	FcgR2A	nAb	FcgR2A__nAb	19	0.672182466516855	0.0016183247380514433	estimated	positive	strong	moderate	moderate	moderate	True	0.00970994842830866	True
predictor_function	bpv_calibrated_predictor	HPV16	recall_dose3	FcgR2B	nAb	FcgR2B__nAb	19	-0.38280836824576625	0.10573620612348097	estimated	negative	weak	high	moderate	high	True	0.15860430918522148	False
predictor_function	bpv_calibrated_predictor	HPV16	recall_dose3	FcgR3A	nAb	FcgR3A__nAb	19	0.1251837791893738	0.6096064673962276	estimated	positive	very_weak	high	moderate	high	True	0.6096064673962276	False
predictor_function	bpv_calibrated_predictor	HPV18	all_participants	IgG	ADCP	IgG__ADCP	80	0.3901078293483357	0.00034735848063364126	estimated	positive	weak	none	none	none	False	0.0020841508838018476	True
predictor_function	bpv_calibrated_predictor	HPV18	all_participants	IgG1	ADCP	IgG1__ADCP	80	0.34353023909985936	0.0018097370759099535	estimated	positive	weak	none	none	none	False	0.005429211227729861	True
predictor_function	bpv_calibrated_predictor	HPV18	all_participants	IgG3	ADCP	IgG3__ADCP	80	0.06050164088138772	0.5939539040676225	estimated	positive	very_weak	low	none	low	False	0.712744684881147	False
predictor_function	bpv_calibrated_predictor	HPV18	all_participants	FcgR2A	ADCP	FcgR2A__ADCP	80	-0.009423347398030942	0.9338831204223264	estimated	negative	very_weak	moderate	none	moderate	True	0.9338831204223264	False
predictor_function	bpv_calibrated_predictor	HPV18	all_participants	FcgR2B	ADCP	FcgR2B__ADCP	80	0.12484763244256915	0.26984471852814196	estimated	positive	very_weak	high	none	high	True	0.40476707779221294	False
predictor_function	bpv_calibrated_predictor	HPV18	all_participants	FcgR3A	ADCP	FcgR3A__ADCP	80	0.24158462259728083	0.030859635638587915	estimated	positive	weak	high	none	high	True	0.06171927127717583	False
predictor_function	bpv_calibrated_predictor	HPV18	all_participants	IgG	nAb	IgG__nAb	80	0.15330919820418004	0.1745591220446527	estimated	positive	very_weak	none	high	high	True	0.7013283519125324	False
predictor_function	bpv_calibrated_predictor	HPV18	all_participants	IgG1	nAb	IgG1__nAb	80	0.13463480801997357	0.23377611730417747	estimated	positive	very_weak	none	high	high	True	0.7013283519125324	False
predictor_function	bpv_calibrated_predictor	HPV18	all_participants	IgG3	nAb	IgG3__nAb	80	0.030664197518384517	0.7871480806702569	estimated	positive	very_weak	low	high	high	True	0.8205682354447434	False
predictor_function	bpv_calibrated_predictor	HPV18	all_participants	FcgR2A	nAb	FcgR2A__nAb	80	0.10299209131895698	0.36329111418976634	estimated	positive	very_weak	moderate	high	high	True	0.7265822283795327	False
predictor_function	bpv_calibrated_predictor	HPV18	all_participants	FcgR2B	nAb	FcgR2B__nAb	80	0.025759812217481807	0.8205682354447434	estimated	positive	very_weak	high	high	high	True	0.8205682354447434	False
predictor_function	bpv_calibrated_predictor	HPV18	all_participants	FcgR3A	nAb	FcgR3A__nAb	80	0.07363651583999604	0.5162469985801607	estimated	positive	very_weak	high	high	high	True	0.774370497870241	False
predictor_function	bpv_calibrated_predictor	HPV18	primary_dose0	IgG	ADCP	IgG__ADCP	20	0.3759398496240601	0.10234904601068498	estimated	positive	weak	none	none	none	False	0.17944875949355849	False
predictor_function	bpv_calibrated_predictor	HPV18	primary_dose0	IgG1	ADCP	IgG1__ADCP	20	0.5278195488721804	0.016759126882928903	estimated	positive	moderate	none	none	none	False	0.0765977008892514	False
predictor_function	bpv_calibrated_predictor	HPV18	primary_dose0	IgG3	ADCP	IgG3__ADCP	20	0.14285714285714285	0.5479501508336087	estimated	positive	very_weak	low	none	low	False	0.6575401810003304	False
predictor_function	bpv_calibrated_predictor	HPV18	primary_dose0	FcgR2A	ADCP	FcgR2A__ADCP	20	0.08421052631578946	0.7241036435108112	estimated	positive	very_weak	moderate	none	moderate	True	0.7241036435108112	False
predictor_function	bpv_calibrated_predictor	HPV18	primary_dose0	FcgR2B	ADCP	FcgR2B__ADCP	20	0.35939849624060144	0.11963250632903898	estimated	positive	weak	high	none	high	True	0.17944875949355849	False
predictor_function	bpv_calibrated_predictor	HPV18	primary_dose0	FcgR3A	ADCP	FcgR3A__ADCP	20	0.4977443609022556	0.025532566963083796	estimated	positive	moderate	high	none	high	True	0.0765977008892514	False
predictor_function	bpv_calibrated_predictor	HPV18	primary_dose0	IgG	nAb	IgG__nAb	20	0.5879349735318492	0.006404090905131873	estimated	positive	moderate	none	high	high	True	0.03842454543079124	True
predictor_function	bpv_calibrated_predictor	HPV18	primary_dose0	IgG1	nAb	IgG1__nAb	20	0.5299802939100327	0.016236613678616424	estimated	positive	moderate	none	high	high	True	0.04870984103584927	True
predictor_function	bpv_calibrated_predictor	HPV18	primary_dose0	IgG3	nAb	IgG3__nAb	20	-0.0038128078698563507	0.9872715470045914	estimated	negative	very_weak	low	high	high	True	0.9872715470045914	False
predictor_function	bpv_calibrated_predictor	HPV18	primary_dose0	FcgR2A	nAb	FcgR2A__nAb	20	0.15174975322028275	0.5230419068962675	estimated	positive	very_weak	moderate	high	high	True	0.932935425963784	False
predictor_function	bpv_calibrated_predictor	HPV18	primary_dose0	FcgR2B	nAb	FcgR2B__nAb	20	-0.04041576342047731	0.8656588739550608	estimated	negative	very_weak	high	high	high	True	0.9872715470045914	False
predictor_function	bpv_calibrated_predictor	HPV18	primary_dose0	FcgR3A	nAb	FcgR3A__nAb	20	0.11743448239157558	0.6219569506425227	estimated	positive	very_weak	high	high	high	True	0.932935425963784	False
predictor_function	bpv_calibrated_predictor	HPV18	recall_all_doses	IgG	ADCP	IgG__ADCP	60	0.6047791053070299	3.0929949106763e-07	estimated	positive	strong	none	none	none	False	1.8557969464057803e-06	True
predictor_function	bpv_calibrated_predictor	HPV18	recall_all_doses	IgG1	ADCP	IgG1__ADCP	60	0.516421228118922	2.4021735200214455e-05	estimated	positive	moderate	none	none	none	False	7.206520560064337e-05	True
predictor_function	bpv_calibrated_predictor	HPV18	recall_all_doses	IgG3	ADCP	IgG3__ADCP	60	0.07490969713809392	0.5694632904266782	estimated	positive	very_weak	low	none	low	False	0.6833559485120139	False
predictor_function	bpv_calibrated_predictor	HPV18	recall_all_doses	FcgR2A	ADCP	FcgR2A__ADCP	60	-0.05262572936926925	0.6896434291966582	estimated	negative	very_weak	moderate	none	moderate	True	0.6896434291966582	False
predictor_function	bpv_calibrated_predictor	HPV18	recall_all_doses	FcgR2B	ADCP	FcgR2B__ADCP	60	0.11397610447346489	0.38587963315257656	estimated	positive	very_weak	high	none	high	True	0.5788194497288649	False
predictor_function	bpv_calibrated_predictor	HPV18	recall_all_doses	FcgR3A	ADCP	FcgR3A__ADCP	60	0.3010836343428731	0.019405289699778998	estimated	positive	weak	high	none	high	True	0.038810579399557996	True
predictor_function	bpv_calibrated_predictor	HPV18	recall_all_doses	IgG	nAb	IgG__nAb	60	0.3961090739829362	0.0017307022390706194	estimated	positive	weak	none	high	high	True	0.010384213434423717	True
predictor_function	bpv_calibrated_predictor	HPV18	recall_all_doses	IgG1	nAb	IgG1__nAb	60	0.35095922214410286	0.0059708312328120485	estimated	positive	weak	none	high	high	True	0.017912493698436147	True
predictor_function	bpv_calibrated_predictor	HPV18	recall_all_doses	IgG3	nAb	IgG3__nAb	60	0.19528365823375776	0.1348418352866738	estimated	positive	very_weak	low	high	high	True	0.16181020234400853	False
predictor_function	bpv_calibrated_predictor	HPV18	recall_all_doses	FcgR2A	nAb	FcgR2A__nAb	60	0.03775146490200273	0.7745929961251808	estimated	positive	very_weak	moderate	high	high	True	0.7745929961251808	False
predictor_function	bpv_calibrated_predictor	HPV18	recall_all_doses	FcgR2B	nAb	FcgR2B__nAb	60	0.21053052408836692	0.10639491389396917	estimated	positive	weak	high	high	high	True	0.15959237084095376	False
predictor_function	bpv_calibrated_predictor	HPV18	recall_all_doses	FcgR3A	nAb	FcgR3A__nAb	60	0.24006781033807098	0.06466608252046202	estimated	positive	weak	high	high	high	True	0.12933216504092404	False
predictor_function	bpv_calibrated_predictor	HPV18	recall_dose1	IgG	ADCP	IgG__ADCP	20	0.33533834586466166	0.14835729861849292	estimated	positive	weak	none	none	none	False	0.2928563710833042	False
predictor_function	bpv_calibrated_predictor	HPV18	recall_dose1	IgG1	ADCP	IgG1__ADCP	20	0.4285714285714286	0.05937977468606565	estimated	positive	moderate	none	none	none	False	0.28961573300346116	False
predictor_function	bpv_calibrated_predictor	HPV18	recall_dose1	IgG3	ADCP	IgG3__ADCP	20	-0.38195488721804516	0.09653857766782038	estimated	negative	weak	low	none	low	False	0.28961573300346116	False
predictor_function	bpv_calibrated_predictor	HPV18	recall_dose1	FcgR2A	ADCP	FcgR2A__ADCP	20	-0.19097744360902258	0.41992697220250474	estimated	negative	very_weak	moderate	none	moderate	True	0.5039123666430056	False
predictor_function	bpv_calibrated_predictor	HPV18	recall_dose1	FcgR2B	ADCP	FcgR2B__ADCP	20	-0.156390977443609	0.5102566899029022	estimated	negative	very_weak	high	none	high	True	0.5102566899029022	False
predictor_function	bpv_calibrated_predictor	HPV18	recall_dose1	FcgR3A	ADCP	FcgR3A__ADCP	20	0.30225563909774433	0.1952375807222028	estimated	positive	weak	high	none	high	True	0.2928563710833042	False
predictor_function	bpv_calibrated_predictor	HPV18	recall_dose1	IgG	nAb	IgG__nAb	20	0.23325101924373406	0.32231873462467875	estimated	positive	weak	none	high	high	True	0.5206517170483808	False
predictor_function	bpv_calibrated_predictor	HPV18	recall_dose1	IgG1	nAb	IgG1__nAb	20	0.45892895344708706	0.04181201553041926	estimated	positive	moderate	none	high	high	True	0.2508720931825156	False
predictor_function	bpv_calibrated_predictor	HPV18	recall_dose1	IgG3	nAb	IgG3__nAb	20	-0.049225052762476344	0.8367201093105835	estimated	negative	very_weak	low	high	high	True	0.8367201093105835	False
predictor_function	bpv_calibrated_predictor	HPV18	recall_dose1	FcgR2A	nAb	FcgR2A__nAb	20	-0.23400832774777217	0.3207050887145346	estimated	negative	weak	moderate	high	high	True	0.5206517170483808	False
predictor_function	bpv_calibrated_predictor	HPV18	recall_dose1	FcgR2B	nAb	FcgR2B__nAb	20	0.13025706269455278	0.5841315636450921	estimated	positive	very_weak	high	high	high	True	0.7009578763741106	False
predictor_function	bpv_calibrated_predictor	HPV18	recall_dose1	FcgR3A	nAb	FcgR3A__nAb	20	0.2218913916831626	0.3471011446989205	estimated	positive	weak	high	high	high	True	0.5206517170483808	False
predictor_function	bpv_calibrated_predictor	HPV18	recall_dose2	IgG	ADCP	IgG__ADCP	21	0.6558441558441558	0.0012463317417583512	estimated	positive	strong	none	none	none	False	0.0037389952252750536	True
predictor_function	bpv_calibrated_predictor	HPV18	recall_dose2	IgG1	ADCP	IgG1__ADCP	21	0.6896103896103896	0.000542956372705794	estimated	positive	strong	none	none	none	False	0.003257738236234764	True
predictor_function	bpv_calibrated_predictor	HPV18	recall_dose2	IgG3	ADCP	IgG3__ADCP	21	0.36883116883116884	0.09990670544494937	estimated	positive	weak	low	none	low	False	0.19981341088989873	False
predictor_function	bpv_calibrated_predictor	HPV18	recall_dose2	FcgR2A	ADCP	FcgR2A__ADCP	21	0.16493506493506493	0.47494156501178997	estimated	positive	very_weak	moderate	none	moderate	True	0.47494156501178997	False
predictor_function	bpv_calibrated_predictor	HPV18	recall_dose2	FcgR2B	ADCP	FcgR2B__ADCP	21	0.2506493506493506	0.2731235283481195	estimated	positive	weak	high	none	high	True	0.39993662351344555	False
predictor_function	bpv_calibrated_predictor	HPV18	recall_dose2	FcgR3A	ADCP	FcgR3A__ADCP	21	0.22207792207792207	0.33328051959453797	estimated	positive	weak	high	none	high	True	0.39993662351344555	False
predictor_function	bpv_calibrated_predictor	HPV18	recall_dose2	IgG	nAb	IgG__nAb	21	0.4349736799457877	0.04876663714945477	estimated	positive	moderate	none	high	high	True	0.24272569037898215	False
predictor_function	bpv_calibrated_predictor	HPV18	recall_dose2	IgG1	nAb	IgG1__nAb	21	0.30975398420381844	0.1718007704872482	estimated	positive	weak	none	high	high	True	0.24272569037898215	False
predictor_function	bpv_calibrated_predictor	HPV18	recall_dose2	IgG3	nAb	IgG3__nAb	21	0.3815905464978956	0.0878454352884579	estimated	positive	weak	low	high	high	True	0.24272569037898215	False
predictor_function	bpv_calibrated_predictor	HPV18	recall_dose2	FcgR2A	nAb	FcgR2A__nAb	21	0.20166961524759247	0.3806855480521758	estimated	positive	weak	moderate	high	high	True	0.3806855480521758	False
predictor_function	bpv_calibrated_predictor	HPV18	recall_dose2	FcgR2B	nAb	FcgR2B__nAb	21	0.29723201462962157	0.19070661387917873	estimated	positive	weak	high	high	high	True	0.24272569037898215	False
predictor_function	bpv_calibrated_predictor	HPV18	recall_dose2	FcgR3A	nAb	FcgR3A__nAb	21	0.2899824532971918	0.2022714086491518	estimated	positive	weak	high	high	high	True	0.24272569037898215	False
predictor_function	bpv_calibrated_predictor	HPV18	recall_dose3	IgG	ADCP	IgG__ADCP	19	0.6596491228070176	0.002120531147203927	estimated	positive	strong	none	none	none	False	0.012723186883223563	True
predictor_function	bpv_calibrated_predictor	HPV18	recall_dose3	IgG1	ADCP	IgG1__ADCP	19	0.4333333333333333	0.06382621222101997	estimated	positive	moderate	none	none	none	False	0.19147863666305992	False
predictor_function	bpv_calibrated_predictor	HPV18	recall_dose3	IgG3	ADCP	IgG3__ADCP	19	0.31228070175438594	0.19304246779700218	estimated	positive	weak	low	none	low	False	0.38608493559400436	False
predictor_function	bpv_calibrated_predictor	HPV18	recall_dose3	FcgR2A	ADCP	FcgR2A__ADCP	19	0.03508771929824562	0.8866031221985	estimated	positive	very_weak	moderate	none	moderate	True	0.8866031221985	False
predictor_function	bpv_calibrated_predictor	HPV18	recall_dose3	FcgR2B	ADCP	FcgR2B__ADCP	19	-0.0456140350877193	0.8528960735031589	estimated	negative	very_weak	high	none	high	True	0.8866031221985	False
predictor_function	bpv_calibrated_predictor	HPV18	recall_dose3	FcgR3A	ADCP	FcgR3A__ADCP	19	0.2070175438596491	0.3951161652286155	estimated	positive	weak	high	none	high	True	0.5926742478429232	False
predictor_function	bpv_calibrated_predictor	HPV18	recall_dose3	IgG	nAb	IgG__nAb	19	0.5561323008689927	0.013412310081406037	estimated	positive	moderate	none	high	high	True	0.08047386048843623	False
predictor_function	bpv_calibrated_predictor	HPV18	recall_dose3	IgG1	nAb	IgG1__nAb	19	0.1823234396588625	0.4550199081898426	estimated	positive	very_weak	none	high	high	True	0.782715883902121	False
predictor_function	bpv_calibrated_predictor	HPV18	recall_dose3	IgG3	nAb	IgG3__nAb	19	0.3554848974253198	0.1352756033280378	estimated	positive	weak	low	high	high	True	0.40582680998411347	False
predictor_function	bpv_calibrated_predictor	HPV18	recall_dose3	FcgR2A	nAb	FcgR2A__nAb	19	0.153005097603166	0.5317375252856176	estimated	positive	very_weak	moderate	high	high	True	0.782715883902121	False
predictor_function	bpv_calibrated_predictor	HPV18	recall_dose3	FcgR2B	nAb	FcgR2B__nAb	19	-0.06779866600379811	0.782715883902121	estimated	negative	very_weak	high	high	high	True	0.782715883902121	False
predictor_function	bpv_calibrated_predictor	HPV18	recall_dose3	FcgR3A	nAb	FcgR3A__nAb	19	0.08154163884240583	0.7399987026869933	estimated	positive	very_weak	high	high	high	True	0.782715883902121	False
function_function	raw_functions	HPV16	all_participants	ADCP	nAb	ADCP__nAb	80	0.5797293878912826	1.7518108197808292e-08	estimated	positive	moderate	none	moderate	moderate	True	1.7518108197808292e-08	True
function_function	raw_functions	HPV16	primary_dose0	ADCP	nAb	ADCP__nAb	20	0.003039685688432655	0.9898523491555824	estimated	positive	very_weak	none	moderate	moderate	True	0.9898523491555824	False
function_function	raw_functions	HPV16	recall_all_doses	ADCP	nAb	ADCP__nAb	60	0.7676879889198578	8.300430333602335e-13	estimated	positive	strong	none	moderate	moderate	True	8.300430333602335e-13	True
function_function	raw_functions	HPV16	recall_dose1	ADCP	nAb	ADCP__nAb	20	0.7512500360057928	0.00013458129853220183	estimated	positive	strong	none	moderate	moderate	True	0.00013458129853220183	True
function_function	raw_functions	HPV16	recall_dose2	ADCP	nAb	ADCP__nAb	21	0.8408763601298802	1.8118253968675794e-06	estimated	positive	very_strong	none	moderate	moderate	True	1.8118253968675794e-06	True
function_function	raw_functions	HPV16	recall_dose3	ADCP	nAb	ADCP__nAb	19	0.672182466516855	0.0016183247380514433	estimated	positive	strong	none	moderate	moderate	True	0.0016183247380514433	True
function_function	raw_functions	HPV18	all_participants	ADCP	nAb	ADCP__nAb	80	0.439284376675327	4.571745679353822e-05	estimated	positive	moderate	none	high	high	True	4.571745679353822e-05	True
function_function	raw_functions	HPV18	primary_dose0	ADCP	nAb	ADCP__nAb	20	0.17157635414353578	0.46949762309439025	estimated	positive	very_weak	none	high	high	True	0.46949762309439025	False
function_function	raw_functions	HPV18	recall_all_doses	ADCP	nAb	ADCP__nAb	60	0.5536412673146913	4.467183548854481e-06	estimated	positive	moderate	none	high	high	True	4.467183548854481e-06	True
function_function	raw_functions	HPV18	recall_dose1	ADCP	nAb	ADCP__nAb	20	0.605846803230478	0.00463706427973468	estimated	positive	strong	none	high	high	True	0.00463706427973468	True
function_function	raw_functions	HPV18	recall_dose2	ADCP	nAb	ADCP__nAb	21	0.45342710879197257	0.03897915363388521	estimated	positive	moderate	none	high	high	True	0.03897915363388521	True
function_function	raw_functions	HPV18	recall_dose3	ADCP	nAb	ADCP__nAb	19	0.5185681751101314	0.022919224815215966	estimated	positive	moderate	none	high	high	True	0.022919224815215966	True
