relative_path	file_size_bytes	sha256
LICENSE	1075	87100bf7e574f0a0c679f637e1d16894148c033c661dba165c4f90b8b93bc437
LICENSE-CONTENT.md	1352	d3c622ba3db3f572640dc07c0115b87ea95e3a2c117bb3cfe580546c4ef014bb
README.md	4147	a2595aacd7d2ffff23275f8177967f937ab4e01f43f7e1de6019a1724a790735
REPOSITORY_SCOPE.md	1601	4a5d180dac953c78d4fce4f624ca25f263e1fa4c60b4a70ddd390f0df4f764dd
DATA_AVAILABILITY.md	1351	74dc9c98a7c0bbcbd4cad9abe1c88487ff561b92994196b9ad554969e0a30c28
CITATION.cff	961	09d29a735aef64bdecd5407f4bacfd75749bbcce10696fa7a5e6a9059273aae5
REPOSITORY_METADATA.md	961	b2d4c437f8b70495da9204f7f8c6740b24b3b8f1e6b78c3f3b71822af31a6412
RELEASE_NOTES_v0.1.0-fiji-systems-serology.md	1222	1b792e5bae8fca0e739bc000b17f1fd4a348a328e465ae750c775ca90430563f
08_results/tables/phase3D2D_hpv_repository_identity_rebuild_decision.tsv	748	eccf26ca4b8a678f11c9e79404a03d735ee514731722e14b03ce870c440d1db4
