mechanistic_axis	metric	raw_effect	raw_q_value	bpv_calibrated_effect	bpv_calibrated_q_value	analysis_type	bpv_calibration_status	comparison
binding_antibody_abundance	cross_antigen_standard_deviation	0.3204200711436689	0.39532508624538476	0.3204200711436689	0.451800098566154	primary_vs_recall	not_fdr_significant	
binding_antibody_abundance	mean_cross_reactive_score	0.6991240427476955	0.03166983668317915	0.20005174277768645	0.3586276973934602	primary_vs_recall	attenuated_after_bpv_calibration	
binding_antibody_abundance	median_cross_reactive_score	0.3106820591241216	0.15345236788100527	0.14063937199799603	0.5381136225513699	primary_vs_recall	not_fdr_significant	
binding_antibody_abundance	minimum_cross_reactive_score	0.18671011762322534	0.02897208946718825	0.4578062405737767	0.19778577737638076	primary_vs_recall	attenuated_after_bpv_calibration	
binding_antibody_abundance	positive_antigen_count	1.0	0.061071632781602506	0.0	0.7002184495032518	primary_vs_recall	not_fdr_significant	
binding_antibody_abundance	twofold_antigen_count	0.5	0.061071632781602506	0.0	0.5227188624020276	primary_vs_recall	not_fdr_significant	
fc_receptor_communication	cross_antigen_standard_deviation	0.3377654553036489	0.15345236788100527	0.3377654553036489	0.19607802562572896	primary_vs_recall	not_fdr_significant	
fc_receptor_communication	mean_cross_reactive_score	3.7111360669452544	1.8632653134653473e-06	2.6170639581123427	0.0008074739710621618	primary_vs_recall	supported_raw_and_bpv_calibrated	
fc_receptor_communication	median_cross_reactive_score	3.591299648765198	9.436724200213923e-07	2.0158281812929593	0.0008074739710621618	primary_vs_recall	supported_raw_and_bpv_calibrated	
fc_receptor_communication	minimum_cross_reactive_score	1.9611412739186198	1.7142318966790762e-06	1.641510791321803	0.0033917947817154134	primary_vs_recall	supported_raw_and_bpv_calibrated	
fc_receptor_communication	positive_antigen_count	2.0	1.0253147710138335e-07	2.0	0.007351274398577803	primary_vs_recall	supported_raw_and_bpv_calibrated	
fc_receptor_communication	twofold_antigen_count	5.0	1.9614754979423506e-06	3.0	0.0033917947817154134	primary_vs_recall	supported_raw_and_bpv_calibrated	
global_shared_serology	cross_antigen_standard_deviation	0.3610871104079366	0.052371938637757166	0.3610871104079366	0.05853334318337565	primary_vs_recall	not_fdr_significant	
global_shared_serology	mean_cross_reactive_score	1.8633548828015978	7.818192348617192e-07	1.1324717873450694	0.0002083532804172784	primary_vs_recall	supported_raw_and_bpv_calibrated	
global_shared_serology	median_cross_reactive_score	1.8125669917653449	1.0253147710138335e-07	1.3696059498521076	6.415973963714021e-05	primary_vs_recall	supported_raw_and_bpv_calibrated	
global_shared_serology	minimum_cross_reactive_score	1.3326653887081394	3.408742578824959e-07	0.834873653520064	0.0029941403835564316	primary_vs_recall	supported_raw_and_bpv_calibrated	
global_shared_serology	positive_antigen_count	1.0	3.434585341847459e-07	1.5	0.0016767831072502226	primary_vs_recall	supported_raw_and_bpv_calibrated	
global_shared_serology	twofold_antigen_count	4.0	1.0253147710138335e-07	3.0	0.0011460179108550251	primary_vs_recall	supported_raw_and_bpv_calibrated	
igg_subclass_architecture	cross_antigen_standard_deviation	0.49787069786801885	0.01952388404205787	0.4978706978680192	0.020825476311528392	primary_vs_recall	supported_raw_and_bpv_calibrated	
igg_subclass_architecture	mean_cross_reactive_score	1.9318881393355274	1.0253147710138335e-07	1.8355285304092714	0.0003890767423023073	primary_vs_recall	supported_raw_and_bpv_calibrated	
igg_subclass_architecture	median_cross_reactive_score	1.8895203283517432	1.1426783915138174e-07	1.965454280648704	0.0002083532804172784	primary_vs_recall	supported_raw_and_bpv_calibrated	
igg_subclass_architecture	minimum_cross_reactive_score	1.262917708229604	7.051990977553981e-06	1.0094427010984992	0.024221844761953118	primary_vs_recall	supported_raw_and_bpv_calibrated	
igg_subclass_architecture	positive_antigen_count	1.5	6.690540866234121e-05	2.0	0.007313111220124078	primary_vs_recall	supported_raw_and_bpv_calibrated	
igg_subclass_architecture	twofold_antigen_count	3.0	1.0253147710138335e-07	3.0	0.0016131551147123152	primary_vs_recall	supported_raw_and_bpv_calibrated	
binding_antibody_abundance	cross_antigen_standard_deviation	0.0	0.9206140630000643	0.0	0.8805873646087572	recall_dose_global	not_fdr_significant	
binding_antibody_abundance	mean_cross_reactive_score	0.04581738355091097	0.2658119491783389	0.02011012576018719	0.4524943389103567	recall_dose_global	not_fdr_significant	
binding_antibody_abundance	median_cross_reactive_score	0.062036858035223	0.21658780851125967	0.04887282197440675	0.36741741763493907	recall_dose_global	not_fdr_significant	
binding_antibody_abundance	minimum_cross_reactive_score	0.0	0.5458010561744566	0.00020254836112405683	0.5045719303260423	recall_dose_global	not_fdr_significant	
binding_antibody_abundance	positive_antigen_count	0.0	0.6832890424751039	0.005673964747135781	0.46942680743903337	recall_dose_global	not_fdr_significant	
binding_antibody_abundance	twofold_antigen_count	0.0	0.5480427621549645	0.03859189432167875	0.36741741763493907	recall_dose_global	not_fdr_significant	
fc_receptor_communication	cross_antigen_standard_deviation	0.0	0.9237794978131776	0.0	0.8852886854042952	recall_dose_global	not_fdr_significant	
fc_receptor_communication	mean_cross_reactive_score	0.0072541938683348675	0.5458010561744566	0.030496142570980742	0.370215012996758	recall_dose_global	not_fdr_significant	
fc_receptor_communication	median_cross_reactive_score	0.022514432471746403	0.46477931005284223	0.049654182911982196	0.36741741763493907	recall_dose_global	not_fdr_significant	
fc_receptor_communication	minimum_cross_reactive_score	0.0035908292445234317	0.5458010561744566	0.03893667876911129	0.36741741763493907	recall_dose_global	not_fdr_significant	
fc_receptor_communication	positive_antigen_count	0.004696991786946396	0.5458010561744566	0.06758256956067017	0.36741741763493907	recall_dose_global	not_fdr_significant	
fc_receptor_communication	twofold_antigen_count	0.0	0.5480427621549645	0.04851643192091769	0.36741741763493907	recall_dose_global	not_fdr_significant	
global_shared_serology	cross_antigen_standard_deviation	0.013655680760716916	0.543879075711422	0.013655680760716916	0.46020537175581866	recall_dose_global	not_fdr_significant	
global_shared_serology	mean_cross_reactive_score	0.061821154842815314	0.21658780851125967	0.08071660312702938	0.36741741763493907	recall_dose_global	not_fdr_significant	
global_shared_serology	median_cross_reactive_score	0.09217590279985238	0.1276584026351728	0.10350777000020903	0.36741741763493907	recall_dose_global	not_fdr_significant	
global_shared_serology	minimum_cross_reactive_score	0.0006263862128719211	0.5458010561744566	0.008001280163307655	0.4685872999405601	recall_dose_global	not_fdr_significant	
global_shared_serology	positive_antigen_count	0.0	0.846177909215202	0.0	0.7879242335073551	recall_dose_global	not_fdr_significant	
global_shared_serology	twofold_antigen_count	0.0	0.947457194430748	0.014258697844173775	0.46020537175581866	recall_dose_global	not_fdr_significant	
igg_subclass_architecture	cross_antigen_standard_deviation	0.0	0.5458010561744566	0.0	0.5045719303260423	recall_dose_global	not_fdr_significant	
igg_subclass_architecture	mean_cross_reactive_score	0.10073062293352016	0.1276584026351728	0.03441646970460367	0.3678646771525988	recall_dose_global	not_fdr_significant	
igg_subclass_architecture	median_cross_reactive_score	0.05137346529971765	0.2552449842753689	0.010394839557911359	0.4685872999405601	recall_dose_global	not_fdr_significant	
igg_subclass_architecture	minimum_cross_reactive_score	0.11933993741904378	0.1276584026351728	0.0	0.5045719303260423	recall_dose_global	not_fdr_significant	
igg_subclass_architecture	positive_antigen_count	0.14226249835114202	0.1276584026351728	0.0	0.6899629556920982	recall_dose_global	not_fdr_significant	
igg_subclass_architecture	twofold_antigen_count	0.0982281832844907	0.1276584026351728	0.0	0.5078920447625392	recall_dose_global	not_fdr_significant	
binding_antibody_abundance	cross_antigen_standard_deviation	-0.06888561805923951	0.7211832052967265	-0.06888561805923951	0.6868411479016443	recall_dose_trend	not_fdr_significant	
binding_antibody_abundance	mean_cross_reactive_score	-0.2789322223768008	0.09274078254585316	-0.22773225722108875	0.25926981048196157	recall_dose_trend	not_fdr_significant	
binding_antibody_abundance	median_cross_reactive_score	-0.30484170388046855	0.06126988984620805	-0.2847095356586198	0.21974008672194448	recall_dose_trend	not_fdr_significant	
binding_antibody_abundance	minimum_cross_reactive_score	-0.17635543553634148	0.30461297486102523	-0.16830846346523645	0.2824467078921192	recall_dose_trend	not_fdr_significant	
binding_antibody_abundance	positive_antigen_count	-0.12076289146399222	0.5054599003381955	-0.16353768419657383	0.2824467078921192	recall_dose_trend	not_fdr_significant	
binding_antibody_abundance	twofold_antigen_count	-0.1648841308662632	0.3120684987661136	-0.25315419322830457	0.2447357514303746	recall_dose_trend	not_fdr_significant	
fc_receptor_communication	cross_antigen_standard_deviation	0.06278406780752253	0.7241975929155345	0.06278406780752253	0.691279520510283	recall_dose_trend	not_fdr_significant	
fc_receptor_communication	mean_cross_reactive_score	-0.19209566662048091	0.30461297486102523	-0.1833412684332348	0.2824467078921192	recall_dose_trend	not_fdr_significant	
fc_receptor_communication	median_cross_reactive_score	-0.2290586811888533	0.18799749643241592	-0.22752592460388096	0.25926981048196157	recall_dose_trend	not_fdr_significant	
fc_receptor_communication	minimum_cross_reactive_score	-0.1778587160331413	0.30461297486102523	-0.18113056182029388	0.2824467078921192	recall_dose_trend	not_fdr_significant	
fc_receptor_communication	positive_antigen_count	0.0014318635495359393	0.9913368563631901	-0.2098646252593659	0.25926981048196157	recall_dose_trend	direction_changed_after_bpv_calibration	
fc_receptor_communication	twofold_antigen_count	-0.11501086049484534	0.5087372000581961	-0.009002981075100924	0.9455697816541384	recall_dose_trend	not_fdr_significant	
global_shared_serology	cross_antigen_standard_deviation	-0.1793914726181137	0.30461297486102523	-0.1793914726181137	0.2824467078921192	recall_dose_trend	not_fdr_significant	
global_shared_serology	mean_cross_reactive_score	-0.3048711799686411	0.06126988984620805	-0.3189312740269455	0.15603137117238733	recall_dose_trend	not_fdr_significant	
global_shared_serology	median_cross_reactive_score	-0.35032330793070676	0.029128929251931647	-0.3418341945370135	0.15603137117238733	recall_dose_trend	attenuated_after_bpv_calibration	
global_shared_serology	minimum_cross_reactive_score	-0.1659503764114328	0.3120684987661136	-0.1933041862355553	0.2824467078921192	recall_dose_trend	not_fdr_significant	
global_shared_serology	positive_antigen_count	-0.08103665850587922	0.6798489159214556	-0.10463371244767906	0.5114984760928015	recall_dose_trend	not_fdr_significant	
global_shared_serology	twofold_antigen_count	-0.035838838982383506	0.8198966089916994	-0.21833860584462716	0.25926981048196157	recall_dose_trend	not_fdr_significant	
igg_subclass_architecture	cross_antigen_standard_deviation	-0.05081677600946894	0.7634152815306127	-0.05081677600946894	0.7302233127684121	recall_dose_trend	not_fdr_significant	
igg_subclass_architecture	mean_cross_reactive_score	-0.35097178187050276	0.029128929251931647	-0.25638301492480325	0.2447357514303746	recall_dose_trend	attenuated_after_bpv_calibration	
igg_subclass_architecture	median_cross_reactive_score	-0.2696767306906214	0.09915651491229249	-0.20957498690680057	0.25926981048196157	recall_dose_trend	not_fdr_significant	
igg_subclass_architecture	minimum_cross_reactive_score	-0.3650318759288071	0.029128929251931647	-0.16612723294046808	0.2824467078921192	recall_dose_trend	attenuated_after_bpv_calibration	
igg_subclass_architecture	positive_antigen_count	-0.3724217182310013	0.029128929251931647	-0.11306412758978251	0.49227418462065053	recall_dose_trend	attenuated_after_bpv_calibration	
igg_subclass_architecture	twofold_antigen_count	-0.35391910441066426	0.029128929251931647	-0.1666241588385287	0.2824467078921192	recall_dose_trend	attenuated_after_bpv_calibration	
binding_antibody_abundance	cross_antigen_standard_deviation	-0.060142508634593694	0.8908925185229098	-0.060142508634593916	0.8336949832637034	recall_dose_pairwise	not_fdr_significant	dose2_minus_dose1
binding_antibody_abundance	cross_antigen_standard_deviation	-0.27426068801505066	0.667600084270493	-0.27426068801505066	0.6159436323358249	recall_dose_pairwise	not_fdr_significant	dose3_minus_dose1
binding_antibody_abundance	cross_antigen_standard_deviation	-0.21411817938045696	0.9783927640008413	-0.21411817938045674	0.9783927640008413	recall_dose_pairwise	not_fdr_significant	dose3_minus_dose2
binding_antibody_abundance	mean_cross_reactive_score	-0.5019251819374098	0.4913473132699374	-0.0765657474050474	0.4014778900238963	recall_dose_pairwise	not_fdr_significant	dose2_minus_dose1
binding_antibody_abundance	mean_cross_reactive_score	-0.7479701140789734	0.17522889671293354	-0.5489654192124159	0.23721482655226936	recall_dose_pairwise	not_fdr_significant	dose3_minus_dose1
binding_antibody_abundance	mean_cross_reactive_score	-0.24604493214156364	0.5091950573961057	-0.4723996718073685	0.9127359416182443	recall_dose_pairwise	not_fdr_significant	dose3_minus_dose2
binding_antibody_abundance	median_cross_reactive_score	-0.5922950223427947	0.4913473132699374	-0.3194441189693027	0.4014778900238963	recall_dose_pairwise	not_fdr_significant	dose2_minus_dose1
binding_antibody_abundance	median_cross_reactive_score	-0.9177588278586526	0.12454327726848338	-0.704645328840185	0.23721482655226936	recall_dose_pairwise	not_fdr_significant	dose3_minus_dose1
binding_antibody_abundance	median_cross_reactive_score	-0.32546380551585785	0.3772399421954749	-0.3852012098708824	0.9127359416182443	recall_dose_pairwise	not_fdr_significant	dose3_minus_dose2
binding_antibody_abundance	minimum_cross_reactive_score	-0.40366136110257816	0.6077001333329334	-0.12011106041851247	0.4014778900238963	recall_dose_pairwise	not_fdr_significant	dose2_minus_dose1
binding_antibody_abundance	minimum_cross_reactive_score	-0.5114706983727829	0.3280627450767878	-0.42838302893025904	0.28705490194218936	recall_dose_pairwise	not_fdr_significant	dose3_minus_dose1
binding_antibody_abundance	minimum_cross_reactive_score	-0.10780933727020481	0.9108839511975533	-0.30827196851174654	0.9783927640008413	recall_dose_pairwise	not_fdr_significant	dose3_minus_dose2
binding_antibody_abundance	positive_antigen_count	0.0	1.0	-0.5	0.33857463096578694	recall_dose_pairwise	not_fdr_significant	dose2_minus_dose1
binding_antibody_abundance	positive_antigen_count	0.0	0.48818039432569016	-0.5	0.32788207663655067	recall_dose_pairwise	not_fdr_significant	dose3_minus_dose1
binding_antibody_abundance	positive_antigen_count	0.0	0.7268979233311192	0.0	0.9783927640008413	recall_dose_pairwise	not_fdr_significant	dose3_minus_dose2
binding_antibody_abundance	twofold_antigen_count	-1.0	0.5156817873976274	-1.0	0.33857463096578694	recall_dose_pairwise	not_fdr_significant	dose2_minus_dose1
binding_antibody_abundance	twofold_antigen_count	-2.0	0.43836421620679494	-1.0	0.23721482655226936	recall_dose_pairwise	not_fdr_significant	dose3_minus_dose1
binding_antibody_abundance	twofold_antigen_count	-1.0	0.9108839511975533	0.0	0.9127359416182443	recall_dose_pairwise	not_fdr_significant	dose3_minus_dose2
fc_receptor_communication	cross_antigen_standard_deviation	0.15419440998907463	0.989002608063866	0.1541944099890744	0.8603995721551486	recall_dose_pairwise	not_fdr_significant	dose2_minus_dose1
fc_receptor_communication	cross_antigen_standard_deviation	0.17593761583316025	0.667600084270493	0.17593761583316003	0.6159436323358249	recall_dose_pairwise	not_fdr_significant	dose3_minus_dose1
fc_receptor_communication	cross_antigen_standard_deviation	0.021743205844085622	0.9783927640008413	0.021743205844085622	0.9783927640008413	recall_dose_pairwise	not_fdr_significant	dose3_minus_dose2
fc_receptor_communication	mean_cross_reactive_score	-0.8749559664340536	0.4913473132699374	-1.524810440922642	0.2685148629158725	recall_dose_pairwise	not_fdr_significant	dose2_minus_dose1
fc_receptor_communication	mean_cross_reactive_score	-0.5384464999094076	0.3280627450767878	-1.105753666999004	0.2730275071594345	recall_dose_pairwise	not_fdr_significant	dose3_minus_dose1
fc_receptor_communication	mean_cross_reactive_score	0.336509466524646	0.91443560759529	0.41905677392363794	0.9127359416182443	recall_dose_pairwise	not_fdr_significant	dose3_minus_dose2
fc_receptor_communication	median_cross_reactive_score	-1.199474979562961	0.4913473132699374	-1.2879551915312915	0.2685148629158725	recall_dose_pairwise	not_fdr_significant	dose2_minus_dose1
fc_receptor_communication	median_cross_reactive_score	-1.2472163162831382	0.18977186124181547	-1.199301310844318	0.23721482655226936	recall_dose_pairwise	not_fdr_significant	dose3_minus_dose1
fc_receptor_communication	median_cross_reactive_score	-0.04774133672017733	0.9108839511975533	0.08865388068697344	0.9127359416182443	recall_dose_pairwise	direction_changed_after_bpv_calibration	dose3_minus_dose2
fc_receptor_communication	minimum_cross_reactive_score	-0.5839280310157366	0.49156837853985724	-0.8478361021105145	0.2685148629158725	recall_dose_pairwise	not_fdr_significant	dose2_minus_dose1
fc_receptor_communication	minimum_cross_reactive_score	-0.5059808154867713	0.3280627450767878	-0.15931944578274293	0.2730275071594345	recall_dose_pairwise	not_fdr_significant	dose3_minus_dose1
fc_receptor_communication	minimum_cross_reactive_score	0.07794721552896533	0.9783927640008413	0.6885166563277716	0.9127359416182443	recall_dose_pairwise	not_fdr_significant	dose3_minus_dose2
fc_receptor_communication	positive_antigen_count	0.0	0.4913473132699374	0.0	0.2518165913532442	recall_dose_pairwise	not_fdr_significant	dose2_minus_dose1
fc_receptor_communication	positive_antigen_count	0.0	1.0	0.0	0.23721482655226936	recall_dose_pairwise	not_fdr_significant	dose3_minus_dose1
fc_receptor_communication	positive_antigen_count	0.0	0.3772399421954749	0.0	0.9127359416182443	recall_dose_pairwise	not_fdr_significant	dose3_minus_dose2
fc_receptor_communication	twofold_antigen_count	0.0	0.4913473132699374	-2.0	0.2685148629158725	recall_dose_pairwise	not_fdr_significant	dose2_minus_dose1
fc_receptor_communication	twofold_antigen_count	0.0	0.48818039432569016	0.0	0.9631993437776295	recall_dose_pairwise	not_fdr_significant	dose3_minus_dose1
fc_receptor_communication	twofold_antigen_count	0.0	0.91443560759529	2.0	0.9127359416182443	recall_dose_pairwise	not_fdr_significant	dose3_minus_dose2
global_shared_serology	cross_antigen_standard_deviation	-0.16505428130294642	0.4913473132699374	-0.16505428130294664	0.33857463096578694	recall_dose_pairwise	not_fdr_significant	dose2_minus_dose1
global_shared_serology	cross_antigen_standard_deviation	-0.20077268931115	0.3280627450767878	-0.20077268931115022	0.28705490194218936	recall_dose_pairwise	not_fdr_significant	dose3_minus_dose1
global_shared_serology	cross_antigen_standard_deviation	-0.035718408008203584	0.9783927640008413	-0.035718408008203584	0.9783927640008413	recall_dose_pairwise	not_fdr_significant	dose3_minus_dose2
global_shared_serology	mean_cross_reactive_score	-0.7192265231528525	0.4913473132699374	-0.4992099180315539	0.2685148629158725	recall_dose_pairwise	not_fdr_significant	dose2_minus_dose1
global_shared_serology	mean_cross_reactive_score	-1.2625198819834713	0.12454327726848338	-0.7298352891327231	0.23721482655226936	recall_dose_pairwise	not_fdr_significant	dose3_minus_dose1
global_shared_serology	mean_cross_reactive_score	-0.5432933588306188	0.3772399421954749	-0.2306253711011692	0.9127359416182443	recall_dose_pairwise	not_fdr_significant	dose3_minus_dose2
global_shared_serology	median_cross_reactive_score	-0.8066968196080011	0.4913473132699374	-0.8976499410688168	0.2518165913532442	recall_dose_pairwise	not_fdr_significant	dose2_minus_dose1
global_shared_serology	median_cross_reactive_score	-1.1999617349872715	0.0723863769536305	-1.1230884867443292	0.23721482655226936	recall_dose_pairwise	not_fdr_significant	dose3_minus_dose1
global_shared_serology	median_cross_reactive_score	-0.39326491537927044	0.3772399421954749	-0.22543854567551236	0.9127359416182443	recall_dose_pairwise	not_fdr_significant	dose3_minus_dose2
global_shared_serology	minimum_cross_reactive_score	-0.1089382983068139	0.989002608063866	-0.3925556581703511	0.4014778900238963	recall_dose_pairwise	not_fdr_significant	dose2_minus_dose1
global_shared_serology	minimum_cross_reactive_score	-0.27597548623981827	0.3718728099016143	-0.37510048851774125	0.2730275071594345	recall_dose_pairwise	not_fdr_significant	dose3_minus_dose1
global_shared_serology	minimum_cross_reactive_score	-0.16703718793300437	0.5091950573961057	0.017455169652609848	0.9672776364949917	recall_dose_pairwise	direction_changed_after_bpv_calibration	dose3_minus_dose2
global_shared_serology	positive_antigen_count	0.0	1.0	0.0	0.8336949832637034	recall_dose_pairwise	not_fdr_significant	dose2_minus_dose1
global_shared_serology	positive_antigen_count	0.0	0.667600084270493	0.0	0.5155674877467057	recall_dose_pairwise	not_fdr_significant	dose3_minus_dose1
global_shared_serology	positive_antigen_count	0.0	0.8809014021134399	0.0	0.9127359416182443	recall_dose_pairwise	not_fdr_significant	dose3_minus_dose2
global_shared_serology	twofold_antigen_count	0.0	1.0	0.0	0.4909476951479356	recall_dose_pairwise	not_fdr_significant	dose2_minus_dose1
global_shared_serology	twofold_antigen_count	0.0	0.824695392625796	-1.0	0.2730275071594345	recall_dose_pairwise	not_fdr_significant	dose3_minus_dose1
global_shared_serology	twofold_antigen_count	0.0	0.9432129231679172	-1.0	0.9127359416182443	recall_dose_pairwise	not_fdr_significant	dose3_minus_dose2
igg_subclass_architecture	cross_antigen_standard_deviation	-0.120433659540375	0.4913473132699374	-0.12043365954037455	0.37558183364459596	recall_dose_pairwise	not_fdr_significant	dose2_minus_dose1
igg_subclass_architecture	cross_antigen_standard_deviation	-0.17945890022745714	0.791371142643394	-0.17945890022745692	0.7569637016588986	recall_dose_pairwise	not_fdr_significant	dose3_minus_dose1
igg_subclass_architecture	cross_antigen_standard_deviation	-0.05902524068708215	0.6863212409787736	-0.05902524068708237	0.9127359416182443	recall_dose_pairwise	not_fdr_significant	dose3_minus_dose2
igg_subclass_architecture	mean_cross_reactive_score	-0.37923046169512453	0.6116089036645592	-0.4595051630253866	0.33857463096578694	recall_dose_pairwise	not_fdr_significant	dose2_minus_dose1
igg_subclass_architecture	mean_cross_reactive_score	-1.4237338900042906	0.0697204856706203	-1.1171630452414985	0.23721482655226936	recall_dose_pairwise	not_fdr_significant	dose3_minus_dose1
igg_subclass_architecture	mean_cross_reactive_score	-1.044503428309166	0.36037762594966866	-0.6576578822161119	0.9127359416182443	recall_dose_pairwise	not_fdr_significant	dose3_minus_dose2
igg_subclass_architecture	median_cross_reactive_score	0.33840255886242243	0.8908925185229098	-0.41474032016508877	0.4909476951479356	recall_dose_pairwise	direction_changed_after_bpv_calibration	dose2_minus_dose1
igg_subclass_architecture	median_cross_reactive_score	-1.0265175798065418	0.13361885705441917	-1.0006991973759658	0.2730275071594345	recall_dose_pairwise	not_fdr_significant	dose3_minus_dose1
igg_subclass_architecture	median_cross_reactive_score	-1.3649201386689642	0.3759850910493537	-0.585958877210877	0.9127359416182443	recall_dose_pairwise	not_fdr_significant	dose3_minus_dose2
igg_subclass_architecture	minimum_cross_reactive_score	-0.27969002096595175	0.6394824880094281	0.07895476148789893	0.8336949832637034	recall_dose_pairwise	direction_changed_after_bpv_calibration	dose2_minus_dose1
igg_subclass_architecture	minimum_cross_reactive_score	-1.1058296695932042	0.0697204856706203	-0.1751343178826319	0.3128684982559779	recall_dose_pairwise	not_fdr_significant	dose3_minus_dose1
igg_subclass_architecture	minimum_cross_reactive_score	-0.8261396486272523	0.19412857234089678	-0.2540890793705308	0.9127359416182443	recall_dose_pairwise	not_fdr_significant	dose3_minus_dose2
igg_subclass_architecture	positive_antigen_count	0.0	0.8908925185229098	0.0	0.9756580289910285	recall_dose_pairwise	not_fdr_significant	dose2_minus_dose1
igg_subclass_architecture	positive_antigen_count	0.0	0.0697204856706203	0.0	0.5155674877467057	recall_dose_pairwise	not_fdr_significant	dose3_minus_dose1
igg_subclass_architecture	positive_antigen_count	0.0	0.19412857234089678	0.0	0.9127359416182443	recall_dose_pairwise	not_fdr_significant	dose3_minus_dose2
igg_subclass_architecture	twofold_antigen_count	-1.0	0.4913473132699374	0.0	0.8336949832637034	recall_dose_pairwise	not_fdr_significant	dose2_minus_dose1
igg_subclass_architecture	twofold_antigen_count	-1.0	0.0697204856706203	-1.0	0.28705490194218936	recall_dose_pairwise	not_fdr_significant	dose3_minus_dose1
igg_subclass_architecture	twofold_antigen_count	0.0	0.36413869836871104	-1.0	0.9127359416182443	recall_dose_pairwise	not_fdr_significant	dose3_minus_dose2
